Workbook

Sheet Catálogo
A1: id | B1: titulo | C1: titulo_es | D1: tema | E1: ambiente | F1: descripcion_optimizada | G1: descripcion_es | H1: titulo_miniatura | I1: hashtags | J1: etiquetas | K1: imagen_miniatura | L1: url_video | M1: raiz_hz | N1: modo | O1: registro | P1: semilla | Q1: tono | R1: duracion_min | S1: pantalla_oscura_min | T1: comando_regeneracion | U1: comando_ambiente | V1: estado | W1: fecha_publicacion | X1: vistas | Y1: suscriptores | Z1: subs_por_1000
A2: OBRA-001 | B2: Sleep Music · Ocean Waves · 432 Hz · Bottomless Night · 3 Hours | C2: Música para dormir · Olas del mar · 432 Hz · Noche sin fondo · 3 horas | D2: Dormir | E2: mar | F2: Bottomless Night · 3 Hours To accompany sleep. Ambience: ocean waves. Composed around a root of 216 Hz, the low octave of 432 Hz, in just intonation, shin mode. Breathing cycle: from 4.5 down to 3.5 breaths per minute, 40 % inhale / 60 % exhale. Original composition, synthesized from scratch, ambience included. No third-party samples. Best at low volume. Subscribe for new pieces: https://www.youtube.com/@rinchanneloficial?sub_confirmation=1 #sleepmusic #meditation #432hz | G2: Noche sin fondo · 3 horas Para acompañar el sueño. Ambiente: olas del mar. Compuesta con raíz en 216 Hz, la octava grave de 432 Hz, en entonación justa, modo shin. Ciclo respiratorio: de 4.5 a 3.5 respiraciones por minuto, inhalar 40 % / exhalar 60 %. Composición original, sintetizada desde cero: el ambiente también. Ninguna muestra procede de terceros. Mejor a volumen bajo. Suscríbete para las próximas obras: https://www.youtube.com/@rinchanneloficial?sub_confirmation=1 #sleepmusic #meditation #432hz | H2: 3 HOURS | I2: #sleepmusic #meditation #432hz | J2: sleep music, 432 hz, 432 hz music, deep sleep, insomnia, ocean waves, sea sounds, relaxing music, meditation music, calming music, ambient music, just intonation, original composition, Rin, música para dormir | M2: 432 | N2: shin | O2: grave | P2: 505716 | Q2: 110 | R2: 180 | S2: 0 | T2: python3 03-composicion/compositor.py --minutos 180 --raiz 432 --modo shin --semilla 505716 --caracter sin-cuenco --registro grave | U2: python3 03-composicion/ambiente.py audio/OBRA-001_432_shin.wav audio/OBRA-001_final.wav --fondo mar | V2: pendiente | Z2: =IFERROR(Y2/X2*1000,"")
A3: OBRA-002 | B3: Sleep Music · Ocean Waves · 528 Hz · Low Tide · 2 Hours | C3: Música para dormir · Olas del mar · 528 Hz · Marea baja · 2 horas | D3: Dormir | E3: mar | F3: Low Tide · 2 Hours To accompany sleep. Ambience: ocean waves. Composed around a root of 264 Hz, the low octave of 528 Hz, in just intonation, kumoi mode. Breathing cycle: from 4.5 down to 3.5 breaths per minute, 40 % inhale / 60 % exhale. Original composition, synthesized from scratch, ambience included. No third-party samples. Best at low volume. Subscribe for new pieces: https://www.youtube.com/@rinchanneloficial?sub_confirmation=1 #sleepmusic #meditation #528hz | G3: Marea baja · 2 horas Para acompañar el sueño. Ambiente: olas del mar. Compuesta con raíz en 264 Hz, la octava grave de 528 Hz, en entonación justa, modo kumoi. Ciclo respiratorio: de 4.5 a 3.5 respiraciones por minuto, inhalar 40 % / exhalar 60 %. Composición original, sintetizada desde cero: el ambiente también. Ninguna muestra procede de terceros. Mejor a volumen bajo. Suscríbete para las próximas obras: https://www.youtube.com/@rinchanneloficial?sub_confirmation=1 #sleepmusic #meditation #528hz | H3: 2 HOURS | I3: #sleepmusic #meditation #528hz | J3: sleep music, 528 hz, 528 hz music, deep sleep, insomnia, ocean waves, sea sounds, relaxing music, meditation music, calming music, ambient music, just intonation, original composition, Rin, música para dormir | M3: 528 | N3: kumoi | O3: grave | P3: 443547 | Q3: -70 | R3: 120 | S3: 0 | T3: python3 03-composicion/compositor.py --minutos 120 --raiz 528 --modo kumoi --semilla 443547 --caracter sin-cuenco --registro grave | U3: python3 03-composicion/ambiente.py audio/OBRA-002_528_kumoi.wav audio/OBRA-002_final.wav --fondo mar | V3: pendiente | Z3: =IFERROR(Y3/X3*1000,"")
A4: OBRA-003 | B4: Sleep Music · Ocean Waves · 396 Hz · Dark Room · 2 Hours | C4: Música para dormir · Olas del mar · 396 Hz · Cuarto oscuro · 2 horas | D4: Dormir | E4: mar | F4: Dark Room · 2 Hours To accompany sleep. Ambience: ocean waves. Composed around a root of 198 Hz, the low octave of 396 Hz, in just intonation, kumoi mode. Breathing cycle: from 4.5 down to 3.5 breaths per minute, 40 % inhale / 60 % exhale. Original composition, synthesized from scratch, ambience included. No third-party samples. Best at low volume. Subscribe for new pieces: https://www.youtube.com/@rinchanneloficial?sub_confirmation=1 #sleepmusic #meditation #396hz | G4: Cuarto oscuro · 2 horas Para acompañar el sueño. Ambiente: olas del mar. Compuesta con raíz en 198 Hz, la octava grave de 396 Hz, en entonación justa, modo kumoi. Ciclo respiratorio: de 4.5 a 3.5 respiraciones por minuto, inhalar 40 % / exhalar 60 %. Composición original, sintetizada desde cero: el ambiente también. Ninguna muestra procede de terceros. Mejor a volumen bajo. Suscríbete para las próximas obras: https://www.youtube.com/@rinchanneloficial?sub_confirmation=1 #sleepmusic #meditation #396hz | H4: 2 HOURS | I4: #sleepmusic #meditation #396hz | J4: sleep music, 396 hz, 396 hz music, deep sleep, insomnia, ocean waves, sea sounds, relaxing music, meditation music, calming music, ambient music, just intonation, original composition, Rin, música para dormir | M4: 396 | N4: kumoi | O4: grave | P4: 692584 | Q4: 180 | R4: 120 | S4: 0 | T4: python3 03-composicion/compositor.py --minutos 120 --raiz 396 --modo kumoi --semilla 692584 --caracter sin-cuenco --registro grave | U4: python3 03-composicion/ambiente.py audio/OBRA-003_396_kumoi.wav audio/OBRA-003_final.wav --fondo mar | V4: pendiente | Z4: =IFERROR(Y4/X4*1000,"")
A5: OBRA-004 | B5: Sleep Music · Ocean Waves · 528 Hz · No One Awake · 3 Hours | C5: Música para dormir · Olas del mar · 528 Hz · Nadie despierto · 3 horas | D5: Dormir | E5: mar | F5: No One Awake · 3 Hours To accompany sleep. Ambience: ocean waves. Composed around a root of 264 Hz, the low octave of 528 Hz, in just intonation, shin mode. Breathing cycle: from 4.5 down to 3.5 breaths per minute, 40 % inhale / 60 % exhale. Original composition, synthesized from scratch, ambience included. No third-party samples. Best at low volume. Subscribe for new pieces: https://www.youtube.com/@rinchanneloficial?sub_confirmation=1 #sleepmusic #meditation #528hz | G5: Nadie despierto · 3 horas Para acompañar el sueño. Ambiente: olas del mar. Compuesta con raíz en 264 Hz, la octava grave de 528 Hz, en entonación justa, modo shin. Ciclo respiratorio: de 4.5 a 3.5 respiraciones por minuto, inhalar 40 % / exhalar 60 %. Composición original, sintetizada desde cero: el ambiente también. Ninguna muestra procede de terceros. Mejor a volumen bajo. Suscríbete para las próximas obras: https://www.youtube.com/@rinchanneloficial?sub_confirmation=1 #sleepmusic #meditation #528hz | H5: 3 HOURS | I5: #sleepmusic #meditation #528hz | J5: sleep music, 528 hz, 528 hz music, deep sleep, insomnia, ocean waves, sea sounds, relaxing music, meditation music, calming music, ambient music, just intonation, original composition, Rin, música para dormir | M5: 528 | N5: shin | O5: grave | P5: 751043 | Q5: 35 | R5: 180 | S5: 0 | T5: python3 03-composicion/compositor.py --minutos 180 --raiz 528 --modo shin --semilla 751043 --caracter sin-cuenco --registro grave | U5: python3 03-composicion/ambiente.py audio/OBRA-004_528_shin.wav audio/OBRA-004_final.wav --fondo mar | V5: pendiente | Z5: =IFERROR(Y5/X5*1000,"")
A6: OBRA-005 | B6: Sleep Music · Ocean Waves · 432 Hz · Winter Breath · 2 Hours | C6: Música para dormir · Olas del mar · 432 Hz · Respiración de invierno · 2 horas | D6: Dormir | E6: mar | F6: Winter Breath · 2 Hours To accompany sleep. Ambience: ocean waves. Composed around a root of 216 Hz, the low octave of 432 Hz, in just intonation, kumoi mode. Breathing cycle: from 4.5 down to 3.5 breaths per minute, 40 % inhale / 60 % exhale. Original composition, synthesized from scratch, ambience included. No third-party samples. Best at low volume. Subscribe for new pieces: https://www.youtube.com/@rinchanneloficial?sub_confirmation=1 #sleepmusic #meditation #432hz | G6: Respiración de invierno · 2 horas Para acompañar el sueño. Ambiente: olas del mar. Compuesta con raíz en 216 Hz, la octava grave de 432 Hz, en entonación justa, modo kumoi. Ciclo respiratorio: de 4.5 a 3.5 respiraciones por minuto, inhalar 40 % / exhalar 60 %. Composición original, sintetizada desde cero: el ambiente también. Ninguna muestra procede de terceros. Mejor a volumen bajo. Suscríbete para las próximas obras: https://www.youtube.com/@rinchanneloficial?sub_confirmation=1 #sleepmusic #meditation #432hz | H6: 2 HOURS | I6: #sleepmusic #meditation #432hz | J6: sleep music, 432 hz, 432 hz music, deep sleep, insomnia, ocean waves, sea sounds, relaxing music, meditation music, calming music, ambient music, just intonation, original composition, Rin, música para dormir | M6: 432 | N6: kumoi | O6: grave | P6: 531725 | Q6: -110 | R6: 120 | S6: 0 | T6: python3 03-composicion/compositor.py --minutos 120 --raiz 432 --modo kumoi --semilla 531725 --caracter sin-cuenco --registro grave | U6: python3 03-composicion/ambiente.py audio/OBRA-005_432_kumoi.wav audio/OBRA-005_final.wav --fondo mar | V6: pendiente | Z6: =IFERROR(Y6/X6*1000,"")
A7: OBRA-006 | B7: Sleep Music · Ocean Waves · 417 Hz · Before Dawn · 90 Minutes | C7: Música para dormir · Olas del mar · 417 Hz · Antes del alba · 90 minutos | D7: Dormir | E7: mar | F7: Before Dawn · 90 Minutes To accompany sleep. Ambience: ocean waves. Composed around a root of 208.5 Hz, the low octave of 417 Hz, in just intonation, kumoi mode. Breathing cycle: from 4.5 down to 3.5 breaths per minute, 40 % inhale / 60 % exhale. Original composition, synthesized from scratch, ambience included. No third-party samples. Best at low volume. Subscribe for new pieces: https://www.youtube.com/@rinchanneloficial?sub_confirmation=1 #sleepmusic #meditation #417hz | G7: Antes del alba · 90 minutos Para acompañar el sueño. Ambiente: olas del mar. Compuesta con raíz en 208.5 Hz, la octava grave de 417 Hz, en entonación justa, modo kumoi. Ciclo respiratorio: de 4.5 a 3.5 respiraciones por minuto, inhalar 40 % / exhalar 60 %. Composición original, sintetizada desde cero: el ambiente también. Ninguna muestra procede de terceros. Mejor a volumen bajo. Suscríbete para las próximas obras: https://www.youtube.com/@rinchanneloficial?sub_confirmation=1 #sleepmusic #meditation #417hz | H7: 90 MIN | I7: #sleepmusic #meditation #417hz | J7: sleep music, 417 hz, 417 hz music, deep sleep, insomnia, ocean waves, sea sounds, relaxing music, meditation music, calming music, ambient music, just intonation, original composition, Rin, música para dormir | L7: https://youtu.be/cECOoUGLqes | M7: 417 | N7: kumoi | O7: grave | P7: 813147 | Q7: 0 | R7: 90 | S7: 0 | T7: python3 03-composicion/compositor.py --minutos 90 --raiz 417 --modo kumoi --semilla 813147 --caracter sin-cuenco --registro grave | U7: python3 03-composicion/ambiente.py audio/OBRA-006_417_kumoi.wav audio/OBRA-006_final.wav --fondo mar | V7: publicada | W7: 2026-09-26 | Z7: =IFERROR(Y7/X7*1000,"")
A8: OBRA-007 | B8: Sleep Music · Ocean Waves · 396 Hz · Slow Weight · 2 Hours | C8: Música para dormir · Olas del mar · 396 Hz · Peso lento · 2 horas | D8: Dormir | E8: mar | F8: Slow Weight · 2 Hours To accompany sleep. Ambience: ocean waves. Composed around a root of 198 Hz, the low octave of 396 Hz, in just intonation, shin mode. Breathing cycle: from 4.5 down to 3.5 breaths per minute, 40 % inhale / 60 % exhale. Original composition, synthesized from scratch, ambience included. No third-party samples. Best at low volume. Subscribe for new pieces: https://www.youtube.com/@rinchanneloficial?sub_confirmation=1 #sleepmusic #meditation #396hz | G8: Peso lento · 2 horas Para acompañar el sueño. Ambiente: olas del mar. Compuesta con raíz en 198 Hz, la octava grave de 396 Hz, en entonación justa, modo shin. Ciclo respiratorio: de 4.5 a 3.5 respiraciones por minuto, inhalar 40 % / exhalar 60 %. Composición original, sintetizada desde cero: el ambiente también. Ninguna muestra procede de terceros. Mejor a volumen bajo. Suscríbete para las próximas obras: https://www.youtube.com/@rinchanneloficial?sub_confirmation=1 #sleepmusic #meditation #396hz | H8: 2 HOURS | I8: #sleepmusic #meditation #396hz | J8: sleep music, 396 hz, 396 hz music, deep sleep, insomnia, ocean waves, sea sounds, relaxing music, meditation music, calming music, ambient music, just intonation, original composition, Rin, música para dormir | M8: 396 | N8: shin | O8: grave | P8: 885916 | Q8: 70 | R8: 120 | S8: 0 | T8: python3 03-composicion/compositor.py --minutos 120 --raiz 396 --modo shin --semilla 885916 --caracter sin-cuenco --registro grave | U8: python3 03-composicion/ambiente.py audio/OBRA-007_396_shin.wav audio/OBRA-007_final.wav --fondo mar | V8: pendiente | Z8: =IFERROR(Y8/X8*1000,"")
A9: OBRA-008 | B9: Sleep Music · Ocean Waves · 432 Hz · The Sleeping House · 3 Hours | C9: Música para dormir · Olas del mar · 432 Hz · La casa dormida · 3 horas | D9: Dormir | E9: mar | F9: The Sleeping House · 3 Hours To accompany sleep. Ambience: ocean waves. Composed around a root of 216 Hz, the low octave of 432 Hz, in just intonation, kumoi mode. Breathing cycle: from 4.5 down to 3.5 breaths per minute, 40 % inhale / 60 % exhale. Original composition, synthesized from scratch, ambience included. No third-party samples. Best at low volume. Subscribe for new pieces: https://www.youtube.com/@rinchanneloficial?sub_confirmation=1 #sleepmusic #meditation #432hz | G9: La casa dormida · 3 horas Para acompañar el sueño. Ambiente: olas del mar. Compuesta con raíz en 216 Hz, la octava grave de 432 Hz, en entonación justa, modo kumoi. Ciclo respiratorio: de 4.5 a 3.5 respiraciones por minuto, inhalar 40 % / exhalar 60 %. Composición original, sintetizada desde cero: el ambiente también. Ninguna muestra procede de terceros. Mejor a volumen bajo. Suscríbete para las próximas obras: https://www.youtube.com/@rinchanneloficial?sub_confirmation=1 #sleepmusic #meditation #432hz | H9: 3 HOURS | I9: #sleepmusic #meditation #432hz | J9: sleep music, 432 hz, 432 hz music, deep sleep, insomnia, ocean waves, sea sounds, relaxing music, meditation music, calming music, ambient music, just intonation, original composition, Rin, música para dormir | M9: 432 | N9: kumoi | O9: grave | P9: 295910 | Q9: 150 | R9: 180 | S9: 0 | T9: python3 03-composicion/compositor.py --minutos 180 --raiz 432 --modo kumoi --semilla 295910 --caracter sin-cuenco --registro grave | U9: python3 03-composicion/ambiente.py audio/OBRA-008_432_kumoi.wav audio/OBRA-008_final.wav --fondo mar | V9: pendiente | Z9: =IFERROR(Y9/X9*1000,"")
A10: OBRA-009 | B10: Music for Anxiety · Ocean and Birds · 396 Hz · Just Exhale · 25 Minutes | C10: Música para momentos de ansiedad · Mar y pájaros · 396 Hz · Solo exhalar · 25 minutos | D10: Ansiedad | E10: mar-aves | F10: Just Exhale · 25 Minutes To accompany a pause when your mind won't stop. Ambience: ocean and birds. Composed around a root of 396 Hz, in just intonation, kumoi mode. Breathing cycle: from 6.0 down to 4.5 breaths per minute, 40 % inhale / 60 % exhale. Original composition, synthesized from scratch, ambience included. No third-party samples. Best at low volume. Subscribe for new pieces: https://www.youtube.com/@rinchanneloficial?sub_confirmation=1 #relaxingmusic #meditation #396hz | G10: Solo exhalar · 25 minutos Para acompañar un momento de pausa cuando la cabeza no para. Ambiente: mar y pájaros. Compuesta con raíz en 396 Hz, en entonación justa, modo kumoi. Ciclo respiratorio: de 6.0 a 4.5 respiraciones por minuto, inhalar 40 % / exhalar 60 %. Composición original, sintetizada desde cero: el ambiente también. Ninguna muestra procede de terceros. Mejor a volumen bajo. Suscríbete para las próximas obras: https://www.youtube.com/@rinchanneloficial?sub_confirmation=1 #relaxingmusic #meditation #396hz | H10: 25 MIN | I10: #relaxingmusic #meditation #396hz | J10: music for anxiety, 396 hz, 396 hz music, anxiety relief, stress relief, calming music, ocean waves, birdsong, nature sounds, relaxing music, meditation music, ambient music, just intonation, original composition, Rin, música para momentos de ansiedad | M10: 396 | N10: kumoi | O10: medio | P10: 555819 | Q10: 110 | R10: 25 | S10: 0 | T10: python3 03-composicion/compositor.py --minutos 25 --raiz 396 --modo kumoi --semilla 555819 --caracter sin-cuenco | U10: python3 03-composicion/capas.py aves 1540 audio/OBRA-009_capa.wav --semilla 555819 --raiz 396 && python3 03-composicion/ambiente.py audio/OBRA-009_396_kumoi.wav audio/OBRA-009_final.wav --fondo mar --nivel-capa -4 --capa audio/OBRA-009_capa.wav | V10: pendiente | Z10: =IFERROR(Y10/X10*1000,"")
A11: OBRA-010 | B11: Music for Anxiety · Zen Temple · 432 Hz · Slowing Down · 30 Minutes | C11: Música para momentos de ansiedad · Templo zen · 432 Hz · Bajar el ritmo · 30 minutos | D11: Ansiedad | E11: zen | F11: Slowing Down · 30 Minutes To accompany a pause when your mind won't stop. Ambience: zen temple. Composed around a root of 432 Hz, in just intonation, hirajoshi mode. Breathing cycle: from 6.0 down to 4.5 breaths per minute, 40 % inhale / 60 % exhale. Original composition, synthesized from scratch, ambience included. No third-party samples. Best at low volume. Subscribe for new pieces: https://www.youtube.com/@rinchanneloficial?sub_confirmation=1 #relaxingmusic #meditation #432hz | G11: Bajar el ritmo · 30 minutos Para acompañar un momento de pausa cuando la cabeza no para. Ambiente: templo zen. Compuesta con raíz en 432 Hz, en entonación justa, modo hirajoshi. Ciclo respiratorio: de 6.0 a 4.5 respiraciones por minuto, inhalar 40 % / exhalar 60 %. Composición original, sintetizada desde cero: el ambiente también. Ninguna muestra procede de terceros. Mejor a volumen bajo. Suscríbete para las próximas obras: https://www.youtube.com/@rinchanneloficial?sub_confirmation=1 #relaxingmusic #meditation #432hz | H11: 30 MIN | I11: #relaxingmusic #meditation #432hz | J11: music for anxiety, 432 hz, 432 hz music, anxiety relief, stress relief, calming music, zen temple, temple bells, wind chimes, relaxing music, meditation music, ambient music, just intonation, original composition, Rin, música para momentos de ansiedad | M11: 432 | N11: hirajoshi | O11: medio | P11: 739461 | Q11: 110 | R11: 30 | S11: 0 | T11: python3 03-composicion/compositor.py --minutos 30 --raiz 432 --modo hirajoshi --semilla 739461 --caracter sin-cuenco | U11: python3 03-composicion/capas.py zen 1840 audio/OBRA-010_capa.wav --semilla 739461 --raiz 432 --densidad 1.4 && python3 03-composicion/ambiente.py audio/OBRA-010_432_hirajoshi.wav audio/OBRA-010_final.wav --fondo mar --nivel-fondo -7 --nivel-capa 2 --capa audio/OBRA-010_capa.wav | V11: pendiente | Z11: =IFERROR(Y11/X11*1000,"")
A12: OBRA-011 | B12: Music for Anxiety · Ocean and Birds · 528 Hz · Four and Six · 20 Minutes | C12: Música para momentos de ansiedad · Mar y pájaros · 528 Hz · Cuatro y seis · 20 minutos | D12: Ansiedad | E12: mar-aves | F12: Four and Six · 20 Minutes To accompany a pause when your mind won't stop. Ambience: ocean and birds. Composed around a root of 528 Hz, in just intonation, hirajoshi mode. Breathing cycle: from 6.0 down to 4.5 breaths per minute, 40 % inhale / 60 % exhale. Original composition, synthesized from scratch, ambience included. No third-party samples. Best at low volume. Subscribe for new pieces: https://www.youtube.com/@rinchanneloficial?sub_confirmation=1 #relaxingmusic #meditation #528hz | G12: Cuatro y seis · 20 minutos Para acompañar un momento de pausa cuando la cabeza no para. Ambiente: mar y pájaros. Compuesta con raíz en 528 Hz, en entonación justa, modo hirajoshi. Ciclo respiratorio: de 6.0 a 4.5 respiraciones por minuto, inhalar 40 % / exhalar 60 %. Composición original, sintetizada desde cero: el ambiente también. Ninguna muestra procede de terceros. Mejor a volumen bajo. Suscríbete para las próximas obras: https://www.youtube.com/@rinchanneloficial?sub_confirmation=1 #relaxingmusic #meditation #528hz | H12: 20 MIN | I12: #relaxingmusic #meditation #528hz | J12: music for anxiety, 528 hz, 528 hz music, anxiety relief, stress relief, calming music, ocean waves, birdsong, nature sounds, relaxing music, meditation music, ambient music, just intonation, original composition, Rin, música para momentos de ansiedad | M12: 528 | N12: hirajoshi | O12: medio | P12: 913368 | Q12: -70 | R12: 20 | S12: 0 | T12: python3 03-composicion/compositor.py --minutos 20 --raiz 528 --modo hirajoshi --semilla 913368 --caracter sin-cuenco | U12: python3 03-composicion/capas.py aves 1240 audio/OBRA-011_capa.wav --semilla 913368 --raiz 528 && python3 03-composicion/ambiente.py audio/OBRA-011_528_hirajoshi.wav audio/OBRA-011_final.wav --fondo mar --nivel-capa -4 --capa audio/OBRA-011_capa.wav | V12: pendiente | Z12: =IFERROR(Y12/X12*1000,"")
A13: OBRA-012 | B13: Music for Anxiety · Zen Temple · 528 Hz · A Brief Pause · 10 Minutes | C13: Música para momentos de ansiedad · Templo zen · 528 Hz · Pausa breve · 10 minutos | D13: Ansiedad | E13: zen | F13: A Brief Pause · 10 Minutes To accompany a pause when your mind won't stop. Ambience: zen temple. Composed around a root of 528 Hz, in just intonation, shin mode. Breathing cycle: from 6.0 down to 4.5 breaths per minute, 40 % inhale / 60 % exhale. Original composition, synthesized from scratch, ambience included. No third-party samples. Best at low volume. Subscribe for new pieces: https://www.youtube.com/@rinchanneloficial?sub_confirmation=1 #relaxingmusic #meditation #528hz | G13: Pausa breve · 10 minutos Para acompañar un momento de pausa cuando la cabeza no para. Ambiente: templo zen. Compuesta con raíz en 528 Hz, en entonación justa, modo shin. Ciclo respiratorio: de 6.0 a 4.5 respiraciones por minuto, inhalar 40 % / exhalar 60 %. Composición original, sintetizada desde cero: el ambiente también. Ninguna muestra procede de terceros. Mejor a volumen bajo. Suscríbete para las próximas obras: https://www.youtube.com/@rinchanneloficial?sub_confirmation=1 #relaxingmusic #meditation #528hz | H13: 10 MIN | I13: #relaxingmusic #meditation #528hz | J13: music for anxiety, 528 hz, 528 hz music, anxiety relief, stress relief, calming music, zen temple, temple bells, wind chimes, relaxing music, meditation music, ambient music, just intonation, original composition, Rin, música para momentos de ansiedad | L13: https://youtu.be/-ywSggvwt2E | M13: 528 | N13: shin | O13: medio | P13: 43734 | Q13: 0 | R13: 10 | S13: 0 | T13: python3 03-composicion/compositor.py --minutos 10 --raiz 528 --modo shin --semilla 43734 --caracter sin-cuenco | U13: python3 03-composicion/capas.py zen 640 audio/OBRA-012_capa.wav --semilla 43734 --raiz 528 --densidad 1.4 && python3 03-composicion/ambiente.py audio/OBRA-012_528_shin.wav audio/OBRA-012_final.wav --fondo mar --nivel-fondo -7 --nivel-capa 2 --capa audio/OBRA-012_capa.wav | V13: publicada | W13: 2026-09-23 | Z13: =IFERROR(Y13/X13*1000,"")
A14: OBRA-013 | B14: Music for Anxiety · Ocean and Birds · 432 Hz · Count to Six · 20 Minutes | C14: Música para momentos de ansiedad · Mar y pájaros · 432 Hz · Contar hasta seis · 20 minutos | D14: Ansiedad | E14: mar-aves | F14: Count to Six · 20 Minutes To accompany a pause when your mind won't stop. Ambience: ocean and birds. Composed around a root of 432 Hz, in just intonation, hirajoshi mode. Breathing cycle: from 6.0 down to 4.5 breaths per minute, 40 % inhale / 60 % exhale. Original composition, synthesized from scratch, ambience included. No third-party samples. Best at low volume. Subscribe for new pieces: https://www.youtube.com/@rinchanneloficial?sub_confirmation=1 #relaxingmusic #meditation #432hz | G14: Contar hasta seis · 20 minutos Para acompañar un momento de pausa cuando la cabeza no para. Ambiente: mar y pájaros. Compuesta con raíz en 432 Hz, en entonación justa, modo hirajoshi. Ciclo respiratorio: de 6.0 a 4.5 respiraciones por minuto, inhalar 40 % / exhalar 60 %. Composición original, sintetizada desde cero: el ambiente también. Ninguna muestra procede de terceros. Mejor a volumen bajo. Suscríbete para las próximas obras: https://www.youtube.com/@rinchanneloficial?sub_confirmation=1 #relaxingmusic #meditation #432hz | H14: 20 MIN | I14: #relaxingmusic #meditation #432hz | J14: music for anxiety, 432 hz, 432 hz music, anxiety relief, stress relief, calming music, ocean waves, birdsong, nature sounds, relaxing music, meditation music, ambient music, just intonation, original composition, Rin, música para momentos de ansiedad | M14: 432 | N14: hirajoshi | O14: medio | P14: 627771 | Q14: 180 | R14: 20 | S14: 0 | T14: python3 03-composicion/compositor.py --minutos 20 --raiz 432 --modo hirajoshi --semilla 627771 --caracter sin-cuenco | U14: python3 03-composicion/capas.py aves 1240 audio/OBRA-013_capa.wav --semilla 627771 --raiz 432 && python3 03-composicion/ambiente.py audio/OBRA-013_432_hirajoshi.wav audio/OBRA-013_final.wav --fondo mar --nivel-capa -4 --capa audio/OBRA-013_capa.wav | V14: pendiente | Z14: =IFERROR(Y14/X14*1000,"")
A15: OBRA-014 | B15: Music for Anxiety · Zen Temple · 528 Hz · In and Out · 20 Minutes | C15: Música para momentos de ansiedad · Templo zen · 528 Hz · Entrada y salida · 20 minutos | D15: Ansiedad | E15: zen | F15: In and Out · 20 Minutes To accompany a pause when your mind won't stop. Ambience: zen temple. Composed around a root of 528 Hz, in just intonation, yo mode. Breathing cycle: from 6.0 down to 4.5 breaths per minute, 40 % inhale / 60 % exhale. Original composition, synthesized from scratch, ambience included. No third-party samples. Best at low volume. Subscribe for new pieces: https://www.youtube.com/@rinchanneloficial?sub_confirmation=1 #relaxingmusic #meditation #528hz | G15: Entrada y salida · 20 minutos Para acompañar un momento de pausa cuando la cabeza no para. Ambiente: templo zen. Compuesta con raíz en 528 Hz, en entonación justa, modo yo. Ciclo respiratorio: de 6.0 a 4.5 respiraciones por minuto, inhalar 40 % / exhalar 60 %. Composición original, sintetizada desde cero: el ambiente también. Ninguna muestra procede de terceros. Mejor a volumen bajo. Suscríbete para las próximas obras: https://www.youtube.com/@rinchanneloficial?sub_confirmation=1 #relaxingmusic #meditation #528hz | H15: 20 MIN | I15: #relaxingmusic #meditation #528hz | J15: music for anxiety, 528 hz, 528 hz music, anxiety relief, stress relief, calming music, zen temple, temple bells, wind chimes, relaxing music, meditation music, ambient music, just intonation, original composition, Rin, música para momentos de ansiedad | M15: 528 | N15: yo | O15: medio | P15: 310137 | Q15: -70 | R15: 20 | S15: 0 | T15: python3 03-composicion/compositor.py --minutos 20 --raiz 528 --modo yo --semilla 310137 --caracter sin-cuenco | U15: python3 03-composicion/capas.py zen 1240 audio/OBRA-014_capa.wav --semilla 310137 --raiz 528 --densidad 1.4 && python3 03-composicion/ambiente.py audio/OBRA-014_528_yo.wav audio/OBRA-014_final.wav --fondo mar --nivel-fondo -7 --nivel-capa 2 --capa audio/OBRA-014_capa.wav | V15: pendiente | Z15: =IFERROR(Y15/X15*1000,"")
A16: OBRA-015 | B16: Music for Anxiety · Ocean and Birds · 639 Hz · Before You Begin · 15 Minutes | C16: Música para momentos de ansiedad · Mar y pájaros · 639 Hz · Antes de empezar · 15 minutos | D16: Ansiedad | E16: mar-aves | F16: Before You Begin · 15 Minutes To accompany a pause when your mind won't stop. Ambience: ocean and birds. Composed around a root of 639 Hz, in just intonation, yo mode. Breathing cycle: from 6.0 down to 4.5 breaths per minute, 40 % inhale / 60 % exhale. Original composition, synthesized from scratch, ambience included. No third-party samples. Best at low volume. Subscribe for new pieces: https://www.youtube.com/@rinchanneloficial?sub_confirmation=1 #relaxingmusic #meditation #639hz | G16: Antes de empezar · 15 minutos Para acompañar un momento de pausa cuando la cabeza no para. Ambiente: mar y pájaros. Compuesta con raíz en 639 Hz, en entonación justa, modo yo. Ciclo respiratorio: de 6.0 a 4.5 respiraciones por minuto, inhalar 40 % / exhalar 60 %. Composición original, sintetizada desde cero: el ambiente también. Ninguna muestra procede de terceros. Mejor a volumen bajo. Suscríbete para las próximas obras: https://www.youtube.com/@rinchanneloficial?sub_confirmation=1 #relaxingmusic #meditation #639hz | H16: 15 MIN | I16: #relaxingmusic #meditation #639hz | J16: music for anxiety, 639 hz, 639 hz music, anxiety relief, stress relief, calming music, ocean waves, birdsong, nature sounds, relaxing music, meditation music, ambient music, just intonation, original composition, Rin, música para momentos de ansiedad | L16: https://youtu.be/nN2uPKczsrc | M16: 639 | N16: yo | O16: medio | P16: 592463 | Q16: 0 | R16: 15 | S16: 0 | T16: python3 03-composicion/compositor.py --minutos 15 --raiz 639 --modo yo --semilla 592463 --caracter sin-cuenco | U16: python3 03-composicion/capas.py aves 940 audio/OBRA-015_capa.wav --semilla 592463 --raiz 639 && python3 03-composicion/ambiente.py audio/OBRA-015_639_yo.wav audio/OBRA-015_final.wav --fondo mar --nivel-capa -4 --capa audio/OBRA-015_capa.wav | V16: publicada | W16: 2026-09-23 | Z16: =IFERROR(Y16/X16*1000,"")
A17: OBRA-016 | B17: Music for Anxiety · Rain on Leaves · 417 Hz · End of the Day · 30 Minutes | C17: Música para momentos de ansiedad · Lluvia sobre hojas · 417 Hz · El final del día · 30 minutos | D17: Ansiedad | E17: lluvia-tambor | F17: End of the Day · 30 Minutes To accompany a pause when your mind won't stop. Ambience: rain on leaves. Composed around a root of 417 Hz, in just intonation, kumoi mode. Breathing cycle: from 6.0 down to 4.5 breaths per minute, 40 % inhale / 60 % exhale. Original composition, synthesized from scratch, ambience included. No third-party samples. Best at low volume. Subscribe for new pieces: https://www.youtube.com/@rinchanneloficial?sub_confirmation=1 #relaxingmusic #meditation #417hz | G17: El final del día · 30 minutos Para acompañar un momento de pausa cuando la cabeza no para. Ambiente: lluvia sobre hojas. Compuesta con raíz en 417 Hz, en entonación justa, modo kumoi. Ciclo respiratorio: de 6.0 a 4.5 respiraciones por minuto, inhalar 40 % / exhalar 60 %. Composición original, sintetizada desde cero: el ambiente también. Ninguna muestra procede de terceros. Mejor a volumen bajo. Suscríbete para las próximas obras: https://www.youtube.com/@rinchanneloficial?sub_confirmation=1 #relaxingmusic #meditation #417hz | H17: 30 MIN | I17: #relaxingmusic #meditation #417hz | J17: music for anxiety, 417 hz, 417 hz music, anxiety relief, stress relief, calming music, rain sounds, rain on leaves, shamanic drum, relaxing music, meditation music, ambient music, just intonation, original composition, Rin, música para momentos de ansiedad | M17: 417 | N17: kumoi | O17: medio | P17: 250697 | Q17: 110 | R17: 30 | S17: 0 | T17: python3 03-composicion/compositor.py --minutos 30 --raiz 417 --modo kumoi --semilla 250697 --caracter sin-cuenco | U17: python3 03-composicion/capas.py ancestral 1840 audio/OBRA-016_capa.wav --semilla 250697 --raiz 417 && python3 03-composicion/ambiente.py audio/OBRA-016_417_kumoi.wav audio/OBRA-016_final.wav --fondo fuego --nivel-capa 0 --nivel-obra -20 --capa audio/OBRA-016_capa.wav | V17: pendiente | Z17: =IFERROR(Y17/X17*1000,"")
A18: OBRA-017 | B18: Meditation Music · Zen Temple · 417 Hz · Empty Temple · 45 Minutes | C18: Música para meditar · Templo zen · 417 Hz · Templo vacío · 45 minutos | D18: Meditar | E18: zen | F18: Empty Temple · 45 Minutes To accompany a meditation practice. Ambience: zen temple. Composed around a root of 417 Hz, in just intonation, hirajoshi mode. Breathing cycle: from 5.5 down to 4.5 breaths per minute, 40 % inhale / 60 % exhale. Original composition, synthesized from scratch, ambience included. No third-party samples. Best at low volume. Subscribe for new pieces: https://www.youtube.com/@rinchanneloficial?sub_confirmation=1 #meditationmusic #meditation #417hz | G18: Templo vacío · 45 minutos Para acompañar una práctica de meditación. Ambiente: templo zen. Compuesta con raíz en 417 Hz, en entonación justa, modo hirajoshi. Ciclo respiratorio: de 5.5 a 4.5 respiraciones por minuto, inhalar 40 % / exhalar 60 %. Composición original, sintetizada desde cero: el ambiente también. Ninguna muestra procede de terceros. Mejor a volumen bajo. Suscríbete para las próximas obras: https://www.youtube.com/@rinchanneloficial?sub_confirmation=1 #meditationmusic #meditation #417hz | H18: 45 MIN | I18: #meditationmusic #meditation #417hz | J18: meditation music, 417 hz, 417 hz music, mindfulness, zen music, yoga music, zen temple, temple bells, wind chimes, relaxing music, calming music, ambient music, just intonation, original composition, Rin, música para meditar | M18: 417 | N18: hirajoshi | O18: medio | P18: 714152 | Q18: 180 | R18: 45 | S18: 0 | T18: python3 03-composicion/compositor.py --minutos 45 --raiz 417 --modo hirajoshi --semilla 714152 --caracter sin-cuenco | U18: python3 03-composicion/capas.py zen 2740 audio/OBRA-017_capa.wav --semilla 714152 --raiz 417 --densidad 1.4 && python3 03-composicion/ambiente.py audio/OBRA-017_417_hirajoshi.wav audio/OBRA-017_final.wav --fondo mar --nivel-fondo -7 --nivel-capa 2 --capa audio/OBRA-017_capa.wav | V18: pendiente | Z18: =IFERROR(Y18/X18*1000,"")
A19: OBRA-018 | B19: Meditation Music · Zen Temple · 528 Hz · Seven Bells · 45 Minutes | C19: Música para meditar · Templo zen · 528 Hz · Siete campanas · 45 minutos | D19: Meditar | E19: zen | F19: Seven Bells · 45 Minutes To accompany a meditation practice. Ambience: zen temple. Composed around a root of 528 Hz, in just intonation, hirajoshi mode. Breathing cycle: from 5.5 down to 4.5 breaths per minute, 40 % inhale / 60 % exhale. Original composition, synthesized from scratch, ambience included. No third-party samples. Best at low volume. Subscribe for new pieces: https://www.youtube.com/@rinchanneloficial?sub_confirmation=1 #meditationmusic #meditation #528hz | G19: Siete campanas · 45 minutos Para acompañar una práctica de meditación. Ambiente: templo zen. Compuesta con raíz en 528 Hz, en entonación justa, modo hirajoshi. Ciclo respiratorio: de 5.5 a 4.5 respiraciones por minuto, inhalar 40 % / exhalar 60 %. Composición original, sintetizada desde cero: el ambiente también. Ninguna muestra procede de terceros. Mejor a volumen bajo. Suscríbete para las próximas obras: https://www.youtube.com/@rinchanneloficial?sub_confirmation=1 #meditationmusic #meditation #528hz | H19: 45 MIN | I19: #meditationmusic #meditation #528hz | J19: meditation music, 528 hz, 528 hz music, mindfulness, zen music, yoga music, zen temple, temple bells, wind chimes, relaxing music, calming music, ambient music, just intonation, original composition, Rin, música para meditar | M19: 528 | N19: hirajoshi | O19: medio | P19: 735455 | Q19: 35 | R19: 45 | S19: 0 | T19: python3 03-composicion/compositor.py --minutos 45 --raiz 528 --modo hirajoshi --semilla 735455 --caracter sin-cuenco | U19: python3 03-composicion/capas.py zen 2740 audio/OBRA-018_capa.wav --semilla 735455 --raiz 528 --densidad 1.4 && python3 03-composicion/ambiente.py audio/OBRA-018_528_hirajoshi.wav audio/OBRA-018_final.wav --fondo mar --nivel-fondo -7 --nivel-capa 2 --capa audio/OBRA-018_capa.wav | V19: pendiente | Z19: =IFERROR(Y19/X19*1000,"")
A20: OBRA-019 | B20: Meditation Music · Zen Temple · 432 Hz · Metal and Air · 1 Hour | C20: Música para meditar · Templo zen · 432 Hz · Metal y aire · 1 hora | D20: Meditar | E20: zen | F20: Metal and Air · 1 Hour To accompany a meditation practice. Ambience: zen temple. Composed around a root of 432 Hz, in just intonation, shin mode. Breathing cycle: from 5.5 down to 4.5 breaths per minute, 40 % inhale / 60 % exhale. Original composition, synthesized from scratch, ambience included. No third-party samples. Best at low volume. Subscribe for new pieces: https://www.youtube.com/@rinchanneloficial?sub_confirmation=1 #meditationmusic #meditation #432hz | G20: Metal y aire · 1 hora Para acompañar una práctica de meditación. Ambiente: templo zen. Compuesta con raíz en 432 Hz, en entonación justa, modo shin. Ciclo respiratorio: de 5.5 a 4.5 respiraciones por minuto, inhalar 40 % / exhalar 60 %. Composición original, sintetizada desde cero: el ambiente también. Ninguna muestra procede de terceros. Mejor a volumen bajo. Suscríbete para las próximas obras: https://www.youtube.com/@rinchanneloficial?sub_confirmation=1 #meditationmusic #meditation #432hz | H20: 60 MIN | I20: #meditationmusic #meditation #432hz | J20: meditation music, 432 hz, 432 hz music, mindfulness, zen music, yoga music, zen temple, temple bells, wind chimes, relaxing music, calming music, ambient music, just intonation, original composition, Rin, música para meditar | M20: 432 | N20: shin | O20: medio | P20: 627577 | Q20: -110 | R20: 60 | S20: 0 | T20: python3 03-composicion/compositor.py --minutos 60 --raiz 432 --modo shin --semilla 627577 --caracter sin-cuenco | U20: python3 03-composicion/capas.py zen 3640 audio/OBRA-019_capa.wav --semilla 627577 --raiz 432 --densidad 1.4 && python3 03-composicion/ambiente.py audio/OBRA-019_432_shin.wav audio/OBRA-019_final.wav --fondo mar --nivel-fondo -7 --nivel-capa 2 --capa audio/OBRA-019_capa.wav | V20: pendiente | Z20: =IFERROR(Y20/X20*1000,"")
A21: OBRA-020 | B21: Meditation Music · Rain on Leaves · 528 Hz · Strike and Silence · 30 Minutes | C21: Música para meditar · Lluvia sobre hojas · 528 Hz · Golpe y silencio · 30 minutos | D21: Meditar | E21: lluvia-tambor | F21: Strike and Silence · 30 Minutes To accompany a meditation practice. Ambience: rain on leaves. Composed around a root of 528 Hz, in just intonation, shin mode. Breathing cycle: from 5.5 down to 4.5 breaths per minute, 40 % inhale / 60 % exhale. Original composition, synthesized from scratch, ambience included. No third-party samples. Best at low volume. Subscribe for new pieces: https://www.youtube.com/@rinchanneloficial?sub_confirmation=1 #meditationmusic #meditation #528hz | G21: Golpe y silencio · 30 minutos Para acompañar una práctica de meditación. Ambiente: lluvia sobre hojas. Compuesta con raíz en 528 Hz, en entonación justa, modo shin. Ciclo respiratorio: de 5.5 a 4.5 respiraciones por minuto, inhalar 40 % / exhalar 60 %. Composición original, sintetizada desde cero: el ambiente también. Ninguna muestra procede de terceros. Mejor a volumen bajo. Suscríbete para las próximas obras: https://www.youtube.com/@rinchanneloficial?sub_confirmation=1 #meditationmusic #meditation #528hz | H21: 30 MIN | I21: #meditationmusic #meditation #528hz | J21: meditation music, 528 hz, 528 hz music, mindfulness, zen music, yoga music, rain sounds, rain on leaves, shamanic drum, relaxing music, calming music, ambient music, just intonation, original composition, Rin, música para meditar | L21: https://youtu.be/QvcXe4ZDq8o | M21: 528 | N21: shin | O21: medio | P21: 632595 | Q21: 0 | R21: 30 | S21: 0 | T21: python3 03-composicion/compositor.py --minutos 30 --raiz 528 --modo shin --semilla 632595 --caracter sin-cuenco | U21: python3 03-composicion/capas.py ancestral 1840 audio/OBRA-020_capa.wav --semilla 632595 --raiz 528 && python3 03-composicion/ambiente.py audio/OBRA-020_528_shin.wav audio/OBRA-020_final.wav --fondo fuego --nivel-capa 0 --nivel-obra -20 --capa audio/OBRA-020_capa.wav | V21: publicada | W21: 2026-09-24 | Z21: =IFERROR(Y21/X21*1000,"")
A22: OBRA-021 | B22: Meditation Music · Zen Temple · 396 Hz · Bronze and Wood · 45 Minutes | C22: Música para meditar · Templo zen · 396 Hz · Bronce y madera · 45 minutos | D22: Meditar | E22: zen | F22: Bronze and Wood · 45 Minutes To accompany a meditation practice. Ambience: zen temple. Composed around a root of 396 Hz, in just intonation, kumoi mode. Breathing cycle: from 5.5 down to 4.5 breaths per minute, 40 % inhale / 60 % exhale. Original composition, synthesized from scratch, ambience included. No third-party samples. Best at low volume. Subscribe for new pieces: https://www.youtube.com/@rinchanneloficial?sub_confirmation=1 #meditationmusic #meditation #396hz | G22: Bronce y madera · 45 minutos Para acompañar una práctica de meditación. Ambiente: templo zen. Compuesta con raíz en 396 Hz, en entonación justa, modo kumoi. Ciclo respiratorio: de 5.5 a 4.5 respiraciones por minuto, inhalar 40 % / exhalar 60 %. Composición original, sintetizada desde cero: el ambiente también. Ninguna muestra procede de terceros. Mejor a volumen bajo. Suscríbete para las próximas obras: https://www.youtube.com/@rinchanneloficial?sub_confirmation=1 #meditationmusic #meditation #396hz | H22: 45 MIN | I22: #meditationmusic #meditation #396hz | J22: meditation music, 396 hz, 396 hz music, mindfulness, zen music, yoga music, zen temple, temple bells, wind chimes, relaxing music, calming music, ambient music, just intonation, original composition, Rin, música para meditar | M22: 396 | N22: kumoi | O22: medio | P22: 864630 | Q22: 70 | R22: 45 | S22: 0 | T22: python3 03-composicion/compositor.py --minutos 45 --raiz 396 --modo kumoi --semilla 864630 --caracter sin-cuenco | U22: python3 03-composicion/capas.py zen 2740 audio/OBRA-021_capa.wav --semilla 864630 --raiz 396 --densidad 1.4 && python3 03-composicion/ambiente.py audio/OBRA-021_396_kumoi.wav audio/OBRA-021_final.wav --fondo mar --nivel-fondo -7 --nivel-capa 2 --capa audio/OBRA-021_capa.wav | V22: pendiente | Z22: =IFERROR(Y22/X22*1000,"")
A23: OBRA-022 | B23: Meditation Music · Zen Temple · 639 Hz · Long Resonance · 1 Hour | C23: Música para meditar · Templo zen · 639 Hz · Resonancia larga · 1 hora | D23: Meditar | E23: zen | F23: Long Resonance · 1 Hour To accompany a meditation practice. Ambience: zen temple. Composed around a root of 639 Hz, in just intonation, yo mode. Breathing cycle: from 5.5 down to 4.5 breaths per minute, 40 % inhale / 60 % exhale. Original composition, synthesized from scratch, ambience included. No third-party samples. Best at low volume. Subscribe for new pieces: https://www.youtube.com/@rinchanneloficial?sub_confirmation=1 #meditationmusic #meditation #639hz | G23: Resonancia larga · 1 hora Para acompañar una práctica de meditación. Ambiente: templo zen. Compuesta con raíz en 639 Hz, en entonación justa, modo yo. Ciclo respiratorio: de 5.5 a 4.5 respiraciones por minuto, inhalar 40 % / exhalar 60 %. Composición original, sintetizada desde cero: el ambiente también. Ninguna muestra procede de terceros. Mejor a volumen bajo. Suscríbete para las próximas obras: https://www.youtube.com/@rinchanneloficial?sub_confirmation=1 #meditationmusic #meditation #639hz | H23: 60 MIN | I23: #meditationmusic #meditation #639hz | J23: meditation music, 639 hz, 639 hz music, mindfulness, zen music, yoga music, zen temple, temple bells, wind chimes, relaxing music, calming music, ambient music, just intonation, original composition, Rin, música para meditar | M23: 639 | N23: yo | O23: medio | P23: 335798 | Q23: 150 | R23: 60 | S23: 0 | T23: python3 03-composicion/compositor.py --minutos 60 --raiz 639 --modo yo --semilla 335798 --caracter sin-cuenco | U23: python3 03-composicion/capas.py zen 3640 audio/OBRA-022_capa.wav --semilla 335798 --raiz 639 --densidad 1.4 && python3 03-composicion/ambiente.py audio/OBRA-022_639_yo.wav audio/OBRA-022_final.wav --fondo mar --nivel-fondo -7 --nivel-capa 2 --capa audio/OBRA-022_capa.wav | V23: pendiente | Z23: =IFERROR(Y23/X23*1000,"")
A24: OBRA-023 | B24: Meditation Music · Zen Temple · 528 Hz · Just One · 20 Minutes | C24: Música para meditar · Templo zen · 528 Hz · Uno solo · 20 minutos | D24: Meditar | E24: zen | F24: Just One · 20 Minutes To accompany a meditation practice. Ambience: zen temple. Composed around a root of 528 Hz, in just intonation, shin mode. Breathing cycle: from 5.5 down to 4.5 breaths per minute, 40 % inhale / 60 % exhale. Original composition, synthesized from scratch, ambience included. No third-party samples. Best at low volume. Subscribe for new pieces: https://www.youtube.com/@rinchanneloficial?sub_confirmation=1 #meditationmusic #meditation #528hz | G24: Uno solo · 20 minutos Para acompañar una práctica de meditación. Ambiente: templo zen. Compuesta con raíz en 528 Hz, en entonación justa, modo shin. Ciclo respiratorio: de 5.5 a 4.5 respiraciones por minuto, inhalar 40 % / exhalar 60 %. Composición original, sintetizada desde cero: el ambiente también. Ninguna muestra procede de terceros. Mejor a volumen bajo. Suscríbete para las próximas obras: https://www.youtube.com/@rinchanneloficial?sub_confirmation=1 #meditationmusic #meditation #528hz | H24: 20 MIN | I24: #meditationmusic #meditation #528hz | J24: meditation music, 528 hz, 528 hz music, mindfulness, zen music, yoga music, zen temple, temple bells, wind chimes, relaxing music, calming music, ambient music, just intonation, original composition, Rin, música para meditar | M24: 528 | N24: shin | O24: medio | P24: 299306 | Q24: -35 | R24: 20 | S24: 0 | T24: python3 03-composicion/compositor.py --minutos 20 --raiz 528 --modo shin --semilla 299306 --caracter sin-cuenco | U24: python3 03-composicion/capas.py zen 1240 audio/OBRA-023_capa.wav --semilla 299306 --raiz 528 --densidad 1.4 && python3 03-composicion/ambiente.py audio/OBRA-023_528_shin.wav audio/OBRA-023_final.wav --fondo mar --nivel-fondo -7 --nivel-capa 2 --capa audio/OBRA-023_capa.wav | V24: pendiente | Z24: =IFERROR(Y24/X24*1000,"")
A25: OBRA-024 | B25: Meditation Music · Rain on Leaves · 432 Hz · What Remains of Sound · 1 Hour | C25: Música para meditar · Lluvia sobre hojas · 432 Hz · Lo que queda del sonido · 1 hora | D25: Meditar | E25: lluvia-tambor | F25: What Remains of Sound · 1 Hour To accompany a meditation practice. Ambience: rain on leaves. Composed around a root of 432 Hz, in just intonation, kumoi mode. Breathing cycle: from 5.5 down to 4.5 breaths per minute, 40 % inhale / 60 % exhale. Original composition, synthesized from scratch, ambience included. No third-party samples. Best at low volume. Subscribe for new pieces: https://www.youtube.com/@rinchanneloficial?sub_confirmation=1 #meditationmusic #meditation #432hz | G25: Lo que queda del sonido · 1 hora Para acompañar una práctica de meditación. Ambiente: lluvia sobre hojas. Compuesta con raíz en 432 Hz, en entonación justa, modo kumoi. Ciclo respiratorio: de 5.5 a 4.5 respiraciones por minuto, inhalar 40 % / exhalar 60 %. Composición original, sintetizada desde cero: el ambiente también. Ninguna muestra procede de terceros. Mejor a volumen bajo. Suscríbete para las próximas obras: https://www.youtube.com/@rinchanneloficial?sub_confirmation=1 #meditationmusic #meditation #432hz | H25: 60 MIN | I25: #meditationmusic #meditation #432hz | J25: meditation music, 432 hz, 432 hz music, mindfulness, zen music, yoga music, rain sounds, rain on leaves, shamanic drum, relaxing music, calming music, ambient music, just intonation, original composition, Rin, música para meditar | M25: 432 | N25: kumoi | O25: medio | P25: 926202 | Q25: -70 | R25: 60 | S25: 0 | T25: python3 03-composicion/compositor.py --minutos 60 --raiz 432 --modo kumoi --semilla 926202 --caracter sin-cuenco | U25: python3 03-composicion/capas.py ancestral 3640 audio/OBRA-024_capa.wav --semilla 926202 --raiz 432 && python3 03-composicion/ambiente.py audio/OBRA-024_432_kumoi.wav audio/OBRA-024_final.wav --fondo fuego --nivel-capa 0 --nivel-obra -20 --capa audio/OBRA-024_capa.wav | V25: pendiente | Z25: =IFERROR(Y25/X25*1000,"")
A26: OBRA-025 | B26: Music to Release Tension · Ocean and Birds · 528 Hz · Salt Root · 1 Hour | C26: Música para soltar tensión · Mar y pájaros · 528 Hz · Raíz de sal · 1 hora | D26: Soltar | E26: mar-aves | F26: Salt Root · 1 Hour To accompany some time to let go of the day's tension. Ambience: ocean and birds. Composed around a root of 528 Hz, in just intonation, hirajoshi mode. Breathing cycle: from 6.0 down to 4.5 breaths per minute, 40 % inhale / 60 % exhale. Original composition, synthesized from scratch, ambience included. No third-party samples. Best at low volume. Subscribe for new pieces: https://www.youtube.com/@rinchanneloficial?sub_confirmation=1 #relaxingmusic #meditation #528hz | G26: Raíz de sal · 1 hora Para acompañar un rato de soltar la tensión del día. Ambiente: mar y pájaros. Compuesta con raíz en 528 Hz, en entonación justa, modo hirajoshi. Ciclo respiratorio: de 6.0 a 4.5 respiraciones por minuto, inhalar 40 % / exhalar 60 %. Composición original, sintetizada desde cero: el ambiente también. Ninguna muestra procede de terceros. Mejor a volumen bajo. Suscríbete para las próximas obras: https://www.youtube.com/@rinchanneloficial?sub_confirmation=1 #relaxingmusic #meditation #528hz | H26: 528 HZ | I26: #relaxingmusic #meditation #528hz | J26: music to release tension, 528 hz, 528 hz music, stress relief, let go, healing music, ocean waves, birdsong, nature sounds, relaxing music, meditation music, calming music, ambient music, just intonation, original composition, Rin, música para soltar tensión | M26: 528 | N26: hirajoshi | O26: medio | P26: 454078 | Q26: 35 | R26: 60 | S26: 0 | T26: python3 03-composicion/compositor.py --minutos 60 --raiz 528 --modo hirajoshi --semilla 454078 --caracter sin-cuenco | U26: python3 03-composicion/capas.py aves 3640 audio/OBRA-025_capa.wav --semilla 454078 --raiz 528 && python3 03-composicion/ambiente.py audio/OBRA-025_528_hirajoshi.wav audio/OBRA-025_final.wav --fondo mar --nivel-capa -4 --capa audio/OBRA-025_capa.wav | V26: pendiente | Z26: =IFERROR(Y26/X26*1000,"")
A27: OBRA-026 | B27: Music to Release Tension · Ocean Waves · 432 Hz · Still Water · 1 Hour | C27: Música para soltar tensión · Olas del mar · 432 Hz · Agua quieta · 1 hora | D27: Soltar | E27: mar | F27: Still Water · 1 Hour To accompany some time to let go of the day's tension. Ambience: ocean waves. Composed around a root of 432 Hz, in just intonation, kumoi mode. Breathing cycle: from 6.0 down to 4.5 breaths per minute, 40 % inhale / 60 % exhale. Original composition, synthesized from scratch, ambience included. No third-party samples. Best at low volume. Subscribe for new pieces: https://www.youtube.com/@rinchanneloficial?sub_confirmation=1 #relaxingmusic #meditation #432hz | G27: Agua quieta · 1 hora Para acompañar un rato de soltar la tensión del día. Ambiente: olas del mar. Compuesta con raíz en 432 Hz, en entonación justa, modo kumoi. Ciclo respiratorio: de 6.0 a 4.5 respiraciones por minuto, inhalar 40 % / exhalar 60 %. Composición original, sintetizada desde cero: el ambiente también. Ninguna muestra procede de terceros. Mejor a volumen bajo. Suscríbete para las próximas obras: https://www.youtube.com/@rinchanneloficial?sub_confirmation=1 #relaxingmusic #meditation #432hz | H27: 432 HZ | I27: #relaxingmusic #meditation #432hz | J27: music to release tension, 432 hz, 432 hz music, stress relief, let go, healing music, ocean waves, sea sounds, relaxing music, meditation music, calming music, ambient music, just intonation, original composition, Rin, música para soltar tensión | M27: 432 | N27: kumoi | O27: medio | P27: 146597 | Q27: -35 | R27: 60 | S27: 0 | T27: python3 03-composicion/compositor.py --minutos 60 --raiz 432 --modo kumoi --semilla 146597 --caracter sin-cuenco | U27: python3 03-composicion/ambiente.py audio/OBRA-026_432_kumoi.wav audio/OBRA-026_final.wav --fondo mar | V27: pendiente | Z27: =IFERROR(Y27/X27*1000,"")
A28: OBRA-027 | B28: Music to Release Tension · Rain on Leaves · 396 Hz · Warm Ash · 1 Hour | C28: Música para soltar tensión · Lluvia sobre hojas · 396 Hz · Ceniza tibia · 1 hora | D28: Soltar | E28: lluvia-tambor | F28: Warm Ash · 1 Hour To accompany some time to let go of the day's tension. Ambience: rain on leaves. Composed around a root of 396 Hz, in just intonation, kumoi mode. Breathing cycle: from 6.0 down to 4.5 breaths per minute, 40 % inhale / 60 % exhale. Original composition, synthesized from scratch, ambience included. No third-party samples. Best at low volume. Subscribe for new pieces: https://www.youtube.com/@rinchanneloficial?sub_confirmation=1 #relaxingmusic #meditation #396hz | G28: Ceniza tibia · 1 hora Para acompañar un rato de soltar la tensión del día. Ambiente: lluvia sobre hojas. Compuesta con raíz en 396 Hz, en entonación justa, modo kumoi. Ciclo respiratorio: de 6.0 a 4.5 respiraciones por minuto, inhalar 40 % / exhalar 60 %. Composición original, sintetizada desde cero: el ambiente también. Ninguna muestra procede de terceros. Mejor a volumen bajo. Suscríbete para las próximas obras: https://www.youtube.com/@rinchanneloficial?sub_confirmation=1 #relaxingmusic #meditation #396hz | H28: 396 HZ | I28: #relaxingmusic #meditation #396hz | J28: music to release tension, 396 hz, 396 hz music, stress relief, let go, healing music, rain sounds, rain on leaves, shamanic drum, relaxing music, meditation music, calming music, ambient music, just intonation, original composition, Rin, música para soltar tensión | M28: 396 | N28: kumoi | O28: medio | P28: 338018 | Q28: 180 | R28: 60 | S28: 0 | T28: python3 03-composicion/compositor.py --minutos 60 --raiz 396 --modo kumoi --semilla 338018 --caracter sin-cuenco | U28: python3 03-composicion/capas.py ancestral 3640 audio/OBRA-027_capa.wav --semilla 338018 --raiz 396 && python3 03-composicion/ambiente.py audio/OBRA-027_396_kumoi.wav audio/OBRA-027_final.wav --fondo fuego --nivel-capa 0 --nivel-obra -20 --capa audio/OBRA-027_capa.wav | V28: pendiente | Z28: =IFERROR(Y28/X28*1000,"")
A29: OBRA-028 | B29: Music to Release Tension · Zen Temple · 417 Hz · Low Door · 45 Minutes | C29: Música para soltar tensión · Templo zen · 417 Hz · Puerta baja · 45 minutos | D29: Soltar | E29: zen | F29: Low Door · 45 Minutes To accompany some time to let go of the day's tension. Ambience: zen temple. Composed around a root of 417 Hz, in just intonation, hirajoshi mode. Breathing cycle: from 6.0 down to 4.5 breaths per minute, 40 % inhale / 60 % exhale. Original composition, synthesized from scratch, ambience included. No third-party samples. Best at low volume. Subscribe for new pieces: https://www.youtube.com/@rinchanneloficial?sub_confirmation=1 #relaxingmusic #meditation #417hz | G29: Puerta baja · 45 minutos Para acompañar un rato de soltar la tensión del día. Ambiente: templo zen. Compuesta con raíz en 417 Hz, en entonación justa, modo hirajoshi. Ciclo respiratorio: de 6.0 a 4.5 respiraciones por minuto, inhalar 40 % / exhalar 60 %. Composición original, sintetizada desde cero: el ambiente también. Ninguna muestra procede de terceros. Mejor a volumen bajo. Suscríbete para las próximas obras: https://www.youtube.com/@rinchanneloficial?sub_confirmation=1 #relaxingmusic #meditation #417hz | H29: 417 HZ | I29: #relaxingmusic #meditation #417hz | J29: music to release tension, 417 hz, 417 hz music, stress relief, let go, healing music, zen temple, temple bells, wind chimes, relaxing music, meditation music, calming music, ambient music, just intonation, original composition, Rin, música para soltar tensión | M29: 417 | N29: hirajoshi | O29: medio | P29: 409966 | Q29: -150 | R29: 45 | S29: 0 | T29: python3 03-composicion/compositor.py --minutos 45 --raiz 417 --modo hirajoshi --semilla 409966 --caracter sin-cuenco | U29: python3 03-composicion/capas.py zen 2740 audio/OBRA-028_capa.wav --semilla 409966 --raiz 417 --densidad 1.4 && python3 03-composicion/ambiente.py audio/OBRA-028_417_hirajoshi.wav audio/OBRA-028_final.wav --fondo mar --nivel-fondo -7 --nivel-capa 2 --capa audio/OBRA-028_capa.wav | V29: pendiente | Z29: =IFERROR(Y29/X29*1000,"")
A30: OBRA-029 | B30: Music to Release Tension · Tropical Rainforest · 639 Hz · Open Field · 1 Hour | C30: Música para soltar tensión · Selva tropical · 639 Hz · Campo abierto · 1 hora | D30: Soltar | E30: selva | F30: Open Field · 1 Hour To accompany some time to let go of the day's tension. Ambience: tropical rainforest. Composed around a root of 639 Hz, in just intonation, yo mode. Breathing cycle: from 6.0 down to 4.5 breaths per minute, 40 % inhale / 60 % exhale. Original composition, synthesized from scratch, ambience included. No third-party samples. Best at low volume. Subscribe for new pieces: https://www.youtube.com/@rinchanneloficial?sub_confirmation=1 #relaxingmusic #meditation #639hz | G30: Campo abierto · 1 hora Para acompañar un rato de soltar la tensión del día. Ambiente: selva tropical. Compuesta con raíz en 639 Hz, en entonación justa, modo yo. Ciclo respiratorio: de 6.0 a 4.5 respiraciones por minuto, inhalar 40 % / exhalar 60 %. Composición original, sintetizada desde cero: el ambiente también. Ninguna muestra procede de terceros. Mejor a volumen bajo. Suscríbete para las próximas obras: https://www.youtube.com/@rinchanneloficial?sub_confirmation=1 #relaxingmusic #meditation #639hz | H30: 639 HZ | I30: #relaxingmusic #meditation #639hz | J30: music to release tension, 639 hz, 639 hz music, stress relief, let go, healing music, rainforest sounds, birdsong, nature sounds, relaxing music, meditation music, calming music, ambient music, just intonation, original composition, Rin, música para soltar tensión | M30: 639 | N30: yo | O30: medio | P30: 133046 | Q30: 0 | R30: 60 | S30: 0 | T30: python3 03-composicion/compositor.py --minutos 60 --raiz 639 --modo yo --semilla 133046 --caracter sin-cuenco | U30: python3 03-composicion/capas.py aves 3640 audio/OBRA-029_capa.wav --semilla 133046 --raiz 639 --densidad 2 && python3 03-composicion/ambiente.py audio/OBRA-029_639_yo.wav audio/OBRA-029_final.wav --fondo selva --nivel-capa -2 --capa audio/OBRA-029_capa.wav | V30: pendiente | Z30: =IFERROR(Y30/X30*1000,"")
A31: OBRA-030 | B31: Music to Release Tension · Ocean and Birds · 741 Hz · Thin Air · 45 Minutes | C31: Música para soltar tensión · Mar y pájaros · 741 Hz · Aire delgado · 45 minutos | D31: Soltar | E31: mar-aves | F31: Thin Air · 45 Minutes To accompany some time to let go of the day's tension. Ambience: ocean and birds. Composed around a root of 741 Hz, in just intonation, yo mode. Breathing cycle: from 6.0 down to 4.5 breaths per minute, 40 % inhale / 60 % exhale. Original composition, synthesized from scratch, ambience included. No third-party samples. Best at low volume. Subscribe for new pieces: https://www.youtube.com/@rinchanneloficial?sub_confirmation=1 #relaxingmusic #meditation #741hz | G31: Aire delgado · 45 minutos Para acompañar un rato de soltar la tensión del día. Ambiente: mar y pájaros. Compuesta con raíz en 741 Hz, en entonación justa, modo yo. Ciclo respiratorio: de 6.0 a 4.5 respiraciones por minuto, inhalar 40 % / exhalar 60 %. Composición original, sintetizada desde cero: el ambiente también. Ninguna muestra procede de terceros. Mejor a volumen bajo. Suscríbete para las próximas obras: https://www.youtube.com/@rinchanneloficial?sub_confirmation=1 #relaxingmusic #meditation #741hz | H31: 741 HZ | I31: #relaxingmusic #meditation #741hz | J31: music to release tension, 741 hz, 741 hz music, stress relief, let go, healing music, ocean waves, birdsong, nature sounds, relaxing music, meditation music, calming music, ambient music, just intonation, original composition, Rin, música para soltar tensión | M31: 741 | N31: yo | O31: medio | P31: 244487 | Q31: -110 | R31: 45 | S31: 0 | T31: python3 03-composicion/compositor.py --minutos 45 --raiz 741 --modo yo --semilla 244487 --caracter sin-cuenco | U31: python3 03-composicion/capas.py aves 2740 audio/OBRA-030_capa.wav --semilla 244487 --raiz 741 && python3 03-composicion/ambiente.py audio/OBRA-030_741_yo.wav audio/OBRA-030_final.wav --fondo mar --nivel-capa -4 --capa audio/OBRA-030_capa.wav | V31: pendiente | Z31: =IFERROR(Y31/X31*1000,"")
A32: OBRA-031 | B32: Music to Release Tension · Zen Temple · 852 Hz · Last Light · 45 Minutes | C32: Música para soltar tensión · Templo zen · 852 Hz · Última luz · 45 minutos | D32: Soltar | E32: zen | F32: Last Light · 45 Minutes To accompany some time to let go of the day's tension. Ambience: zen temple. Composed around a root of 852 Hz, in just intonation, hirajoshi mode. Breathing cycle: from 6.0 down to 4.5 breaths per minute, 40 % inhale / 60 % exhale. Original composition, synthesized from scratch, ambience included. No third-party samples. Best at low volume. Subscribe for new pieces: https://www.youtube.com/@rinchanneloficial?sub_confirmation=1 #relaxingmusic #meditation #852hz | G32: Última luz · 45 minutos Para acompañar un rato de soltar la tensión del día. Ambiente: templo zen. Compuesta con raíz en 852 Hz, en entonación justa, modo hirajoshi. Ciclo respiratorio: de 6.0 a 4.5 respiraciones por minuto, inhalar 40 % / exhalar 60 %. Composición original, sintetizada desde cero: el ambiente también. Ninguna muestra procede de terceros. Mejor a volumen bajo. Suscríbete para las próximas obras: https://www.youtube.com/@rinchanneloficial?sub_confirmation=1 #relaxingmusic #meditation #852hz | H32: 852 HZ | I32: #relaxingmusic #meditation #852hz | J32: music to release tension, 852 hz, 852 hz music, stress relief, let go, healing music, zen temple, temple bells, wind chimes, relaxing music, meditation music, calming music, ambient music, just intonation, original composition, Rin, música para soltar tensión | M32: 852 | N32: hirajoshi | O32: medio | P32: 288169 | Q32: 55 | R32: 45 | S32: 0 | T32: python3 03-composicion/compositor.py --minutos 45 --raiz 852 --modo hirajoshi --semilla 288169 --caracter sin-cuenco | U32: python3 03-composicion/capas.py zen 2740 audio/OBRA-031_capa.wav --semilla 288169 --raiz 852 --densidad 1.4 && python3 03-composicion/ambiente.py audio/OBRA-031_852_hirajoshi.wav audio/OBRA-031_final.wav --fondo mar --nivel-fondo -7 --nivel-capa 2 --capa audio/OBRA-031_capa.wav | V32: pendiente | Z32: =IFERROR(Y32/X32*1000,"")
A33: OBRA-032 | B33: Music to Release Tension · Ocean and Birds · 528 Hz · Salt Root, Long · 3 Hours | C33: Música para soltar tensión · Mar y pájaros · 528 Hz · Raíz de sal, larga · 3 horas | D33: Soltar | E33: mar-aves | F33: Salt Root, Long · 3 Hours To accompany some time to let go of the day's tension. Ambience: ocean and birds. Composed around a root of 528 Hz, in just intonation, hirajoshi mode. Breathing cycle: from 6.0 down to 4.5 breaths per minute, 40 % inhale / 60 % exhale. Original composition, synthesized from scratch, ambience included. No third-party samples. Best at low volume. Subscribe for new pieces: https://www.youtube.com/@rinchanneloficial?sub_confirmation=1 #relaxingmusic #meditation #528hz | G33: Raíz de sal, larga · 3 horas Para acompañar un rato de soltar la tensión del día. Ambiente: mar y pájaros. Compuesta con raíz en 528 Hz, en entonación justa, modo hirajoshi. Ciclo respiratorio: de 6.0 a 4.5 respiraciones por minuto, inhalar 40 % / exhalar 60 %. Composición original, sintetizada desde cero: el ambiente también. Ninguna muestra procede de terceros. Mejor a volumen bajo. Suscríbete para las próximas obras: https://www.youtube.com/@rinchanneloficial?sub_confirmation=1 #relaxingmusic #meditation #528hz | H33: 528 HZ | I33: #relaxingmusic #meditation #528hz | J33: music to release tension, 528 hz, 528 hz music, stress relief, let go, healing music, ocean waves, birdsong, nature sounds, relaxing music, meditation music, calming music, ambient music, just intonation, original composition, Rin, música para soltar tensión | M33: 528 | N33: hirajoshi | O33: medio | P33: 638156 | Q33: 70 | R33: 180 | S33: 0 | T33: python3 03-composicion/compositor.py --minutos 180 --raiz 528 --modo hirajoshi --semilla 638156 --caracter sin-cuenco | U33: python3 03-composicion/capas.py aves 10840 audio/OBRA-032_capa.wav --semilla 638156 --raiz 528 && python3 03-composicion/ambiente.py audio/OBRA-032_528_hirajoshi.wav audio/OBRA-032_final.wav --fondo mar --nivel-capa -4 --capa audio/OBRA-032_capa.wav | V33: pendiente | Z33: =IFERROR(Y33/X33*1000,"")
... A41: OBRA-040 | B41: Focus Music · Ocean and Birds · 741 Hz · Until It's Done · 3 Hours | C41: Música para concentrarse · Mar y pájaros · 741 Hz · Hasta terminar · 3 horas | D41: Concentración | E41: mar-aves | F41: Until It's Done · 3 Hours To accompany work or study. Ambience: ocean and birds. Composed around a root of 370.5 Hz, the low octave of 741 Hz, in just intonation, yo mode. Breathing cycle: from 6.0 down to 5.5 breaths per minute, 40 % inhale / 60 % exhale. Original composition, synthesized from scratch, ambience included. No third-party samples. Best at low volume. Subscribe for new pieces: https://www.youtube.com/@rinchanneloficial?sub_confirmation=1 #focusmusic #meditation #741hz | G41: Hasta terminar · 3 horas Para acompañar el trabajo o el estudio. Ambiente: mar y pájaros. Compuesta con raíz en 370.5 Hz, la octava grave de 741 Hz, en entonación justa, modo yo. Ciclo respiratorio: de 6.0 a 5.5 respiraciones por minuto, inhalar 40 % / exhalar 60 %. Composición original, sintetizada desde cero: el ambiente también. Ninguna muestra procede de terceros. Mejor a volumen bajo. Suscríbete para las próximas obras: https://www.youtube.com/@rinchanneloficial?sub_confirmation=1 #focusmusic #meditation #741hz | H41: 3 HOURS | I41: #focusmusic #meditation #741hz | J41: focus music, 741 hz, 741 hz music, study music, deep focus, work music, ocean waves, birdsong, nature sounds, relaxing music, meditation music, calming music, ambient music, just intonation, original composition, Rin, música para concentrarse | M41: 741 | N41: yo | O41: grave | P41: 883876 | Q41: -150 | R41: 180 | S41: 0 | T41: python3 03-composicion/compositor.py --minutos 180 --raiz 741 --modo yo --semilla 883876 --caracter sin-cuenco --registro grave | U41: python3 03-composicion/capas.py aves 10840 audio/OBRA-040_capa.wav --semilla 883876 --raiz 741 && python3 03-composicion/ambiente.py audio/OBRA-040_741_yo.wav audio/OBRA-040_final.wav --fondo mar --nivel-capa -4 --capa audio/OBRA-040_capa.wav | V41: pendiente | Z41: =IFERROR(Y41/X41*1000,"")
A42: OBRA-041 | B42: Stop Overthinking 🌿 Calming Music for Anxiety · Birdsong & Temple Bells · 432 Hz · 1 Hour | C42: Música para momentos de ansiedad · Pájaros y campanas del templo · 432 Hz · Dejar de pensar · 1 hora | D42: Ansiedad | E42: jardin | F42: One hour to stop overthinking. Calming music for anxiety with birdsong and soft temple bells, and a slower breath. The music slows from 6 to 4.5 breaths per minute: breathe out longer than you breathe in, and let it lead. 🎧 Headphones, low volume. You don't have to solve anything tonight. Just listen. 🌿 Subscribe for a new calm piece every week: https://www.youtube.com/@rinchanneloficial?sub_confirmation=1 Original composition by Rin, synthesized from scratch in just intonation around 432 Hz, hirajoshi mode. No samples. #calmingmusic #musicforanxiety #432hz | G42: Dejar de pensar · 1 hora Para acompañar un momento de pausa cuando la cabeza no para. Ambiente: pájaros y campanas del templo. Compuesta con raíz en 432 Hz, en entonación justa, modo hirajoshi. Ciclo respiratorio: de 6.0 a 4.5 respiraciones por minuto, inhalar 40 % / exhalar 60 %. Composición original, sintetizada desde cero: el ambiente también. Ninguna muestra procede de terceros. Mejor a volumen bajo. Suscríbete para las próximas obras: https://www.youtube.com/@rinchanneloficial?sub_confirmation=1 #relaxingmusic #meditation #432hz | H42: 60 MIN | I42: #calmingmusic #musicforanxiety #432hz | J42: stop overthinking, stop overthinking music, calming music, music for anxiety, calming music for anxiety, anxiety relief, stress relief music, calm your nervous system, nervous system regulation, relaxing music, meditation music, calm music, birdsong, birds singing, temple bells, wind chimes, zen garden, 432 hz, 432 hz music, rin, música para la ansiedad | L42: https://youtu.be/LRXFSFZO_uI | M42: 432 | N42: hirajoshi | O42: medio | P42: 304617 | Q42: 0 | R42: 60 | S42: 0 | T42: python3 03-composicion/compositor.py --minutos 60 --raiz 432 --modo hirajoshi --semilla 304617 --caracter sin-cuenco | U42: python3 03-composicion/capas.py jardin 3640 audio/OBRA-041_capa.wav --semilla 304617 --raiz 432 && python3 03-composicion/ambiente.py audio/OBRA-041_432_hirajoshi.wav audio/OBRA-041_final.wav --fondo mar --nivel-fondo -8 --nivel-capa 0 --capa audio/OBRA-041_capa.wav | V42: publicada | W42: 2026-09-27 | Z42: =IFERROR(Y42/X42*1000,"")
A43: OBRA-042 | B43: Calm Your Nervous System 🌿 Zen Temple Bells · 528 Hz · Music for Anxiety & Sleep · 3 Hours | C43: Música para momentos de ansiedad · Templo zen · 528 Hz · Calmar el sistema nervioso · 3 horas | D43: Ansiedad | E43: zen | F43: Three hours of calm for an anxious mind and a restless night. Soft zen temple bells over a warm, steady drone. The music slows from 6 to 4.5 breaths per minute: breathe out longer than you breathe in, and let your body follow. 🌙 Play it low while you rest, read, work or fall asleep. 🌿 Subscribe for a new calm piece every week: https://www.youtube.com/@rinchanneloficial?sub_confirmation=1 Original composition by Rin, synthesized from scratch in just intonation around 528 Hz, shin mode. No samples. #calmingmusic #sleepmusic #528hz | G43: Calmar el sistema nervioso · 3 horas Para acompañar un momento de pausa cuando la cabeza no para. Ambiente: templo zen. Compuesta con raíz en 528 Hz, en entonación justa, modo shin. Ciclo respiratorio: de 6.0 a 4.5 respiraciones por minuto, inhalar 40 % / exhalar 60 %. Composición original, sintetizada desde cero: el ambiente también. Ninguna muestra procede de terceros. Mejor a volumen bajo. Suscríbete para las próximas obras: https://www.youtube.com/@rinchanneloficial?sub_confirmation=1 #relaxingmusic #meditation #528hz | H43: 180 MIN | I43: #calmingmusic #sleepmusic #528hz | J43: calm your nervous system, nervous system regulation, calming music, music for anxiety, anxiety relief, sleep music, meditation for sleep, deep sleep music, stress relief music, zen music, zen temple, temple bells, 528 hz, 528 hz music, relaxing music, meditation music, 3 hours, rin, música para la ansiedad | L43: https://youtu.be/tt0cPixnquE | M43: 528 | N43: shin | O43: medio | P43: 266691 | Q43: 35 | R43: 180 | S43: 0 | T43: python3 03-composicion/compositor.py --minutos 180 --raiz 528 --modo shin --semilla 266691 --caracter sin-cuenco | U43: python3 03-composicion/capas.py zen 10840 audio/OBRA-042_capa.wav --semilla 266691 --raiz 528 --densidad 1.4 && python3 03-composicion/ambiente.py audio/OBRA-042_528_shin.wav audio/OBRA-042_final.wav --fondo mar --nivel-fondo -7 --nivel-capa 2 --capa audio/OBRA-042_capa.wav | V43: publicada | W43: 2026-09-28 | Z43: =IFERROR(Y43/X43*1000,"")
A44: OBRA-043 | B44: Dark Screen Sleep Music 🌙 Gentle Rain for Deep Sleep · Fall Asleep Fast · 432 Hz · 3 Hours | C44: Música para dormir · Lluvia suave · 432 Hz · Pantalla oscura · 3 horas | D44: Dormir | E44: lluvia | F44: Three hours of dark screen sleep music: gentle rain and a slow, warm drone for deep sleep. The screen fades to black after 3 minutes, so no light keeps you awake. The music slows to 3.5 breaths per minute: let your breathing follow it down. 🌙 Lights off, phone face down, volume low. Nothing else to do tonight. 🌿 Subscribe for a new calm piece every week: https://www.youtube.com/@rinchanneloficial?sub_confirmation=1 Original composition by Rin, synthesized from scratch in just intonation around 216 Hz, the low octave of 432 Hz, kumoi mode. No samples. #sleepmusic #darkscreen #432hz | G44: Pantalla oscura · 3 horas Para acompañar el sueño. Ambiente: lluvia suave. Compuesta con raíz en 216 Hz, la octava grave de 432 Hz, en entonación justa, modo kumoi. Ciclo respiratorio: de 4.5 a 3.5 respiraciones por minuto, inhalar 40 % / exhalar 60 %. Composición original, sintetizada desde cero: el ambiente también. Ninguna muestra procede de terceros. Mejor a volumen bajo. Suscríbete para las próximas obras: https://www.youtube.com/@rinchanneloficial?sub_confirmation=1 #sleepmusic #meditation #432hz | H44: 3 HOURS | I44: #sleepmusic #darkscreen #432hz | J44: dark screen sleep music, black screen sleep music, sleep music, deep sleep music, sleeping music for deep sleeping, fall asleep fast, rain sounds for sleeping, gentle rain, sleep music for anxiety, insomnia, cortisol reset, relaxing sleep music, music for sleep, 432 hz, 432 hz sleep music, 3 hours, rin, música para dormir | L44: https://youtu.be/YtFJIL4q4SI | M44: 432 | N44: kumoi | O44: grave | P44: 615127 | Q44: 0 | R44: 180 | S44: 3 | T44: python3 03-composicion/compositor.py --minutos 180 --raiz 432 --modo kumoi --semilla 615127 --caracter sin-cuenco --registro grave | U44: python3 03-composicion/ambiente.py audio/OBRA-043_432_kumoi.wav audio/OBRA-043_final.wav --fondo lluvia | V44: publicada | W44: 2026-09-29 | Z44: =IFERROR(Y44/X44*1000,"")
A45: OBRA-044 | B45: Deep Sleep Theta Waves 🌙 Turn Off Your Thoughts · Dark Screen · Fall Asleep Fast · 3 Hours | C45: Música para dormir · Mar lejano y ondas theta · 432 Hz · Ondas theta · 3 horas | D45: Dormir | E45: theta | F45: Three hours of theta waves for deep sleep, over a distant ocean and a slow, warm drone. 🎧 Use headphones for the best experience. With headphones, each ear hears a slightly different tone, 6 Hz apart. Over the hours the difference slows from theta (6 Hz, drifting off) to delta (2 Hz, deep sleep). The screen fades to black after 3 minutes. 🌙 Lights off, phone face down, volume low. Let your thoughts go quiet. 🌿 Subscribe for a new calm piece every week: https://www.youtube.com/@rinchanneloficial?sub_confirmation=1 Original composition by Rin, synthesized from scratch in just intonation around 216 Hz, the low octave of 432 Hz, shin mode. No samples. #thetawaves #sleepmusic #darkscreen | G45: Ondas theta · 3 horas Para acompañar el sueño. Ambiente: mar lejano y ondas theta. 🎧 Usa auriculares para una mejor experiencia: cada oído escucha un tono apenas distinto y la diferencia baja de theta (6 Hz) a delta (2 Hz). Compuesta con raíz en 216 Hz, la octava grave de 432 Hz, en entonación justa, modo shin. Ciclo respiratorio: de 4.5 a 3.5 respiraciones por minuto, inhalar 40 % / exhalar 60 %. Composición original, sintetizada desde cero: el ambiente también. Ninguna muestra procede de terceros. Mejor a volumen bajo. Suscríbete para las próximas obras: https://www.youtube.com/@rinchanneloficial?sub_confirmation=1 #sleepmusic #meditation #432hz | H45: 3 HOURS | I45: #thetawaves #sleepmusic #darkscreen | J45: theta waves, theta waves sleep, deep sleep theta waves, binaural beats, binaural beats for sleep, delta waves, dark screen sleep music, black screen sleep music, deep sleep music, fall asleep fast, turn off your thoughts, stop overthinking, sleep meditation, ocean waves, 432 hz, 3 hours, rin, música para dormir | M45: 432 | N45: shin | O45: grave | P45: 810318 | Q45: 0 | R45: 180 | S45: 3 | T45: python3 03-composicion/compositor.py --minutos 180 --raiz 432 --modo shin --semilla 810318 --caracter sin-cuenco --registro grave | U45: python3 03-composicion/capas.py theta 10840 audio/OBRA-044_capa.wav --semilla 810318 --raiz 432 && python3 03-composicion/ambiente.py audio/OBRA-044_432_shin.wav audio/OBRA-044_final.wav --fondo mar --nivel-fondo -4 --nivel-capa -11 --capa audio/OBRA-044_capa.wav | V45: pendiente | Z45: =IFERROR(Y45/X45*1000,"")

Sheet Shorts
A1: id_short | B1: obra | C1: n | D1: archivo | E1: inicio_s | F1: zoom | G1: desfase_s | H1: frase_en_pantalla | I1: yt_titulo | J1: yt_descripcion | K1: yt_etiquetas | L1: yt_video_relacionado | M1: tiktok_portada | N1: tiktok_descripcion | O1: estado | P1: fecha_youtube | Q1: url_youtube | R1: fecha_tiktok | S1: url_tiktok
A2: OBRA-001-S1 | B2: OBRA-001 | C2: 1 | D2: short-1.mp4 | E2: 90 | F2: 1 | G2: 0 | H2: to fall asleep | I2: To fall asleep · 432 Hz · Ocean Waves | J2: Save this for tonight. Full piece (3 h): Sleep Music · Ocean Waves · 432 Hz · Bottomless Night · 3 Hours #sleepmusic #sleep #relaxingmusic #432hz #shorts | K2: sleep music, deep sleep, 432 hz, ocean waves, Rin | M2: 432 Hz · sleep | N2: Save this for tonight. Full 3 h piece on YouTube: Rin. #sleepmusic #sleep #relaxingmusic #432hz #meditation | O2: pendiente
A3: OBRA-001-S2 | B3: OBRA-001 | C3: 2 | D3: short-2.mp4 | E3: 2761 | F3: 1.15 | G3: 9.6 | H3: let the day go quiet | I3: Let the day go quiet · 432 Hz · Ocean Waves | J3: Lights off, volume low. Full piece (3 h): Sleep Music · Ocean Waves · 432 Hz · Bottomless Night · 3 Hours #sleepmusic #sleep #relaxingmusic #432hz #shorts | K3: sleep music, deep sleep, 432 hz, ocean waves, Rin | M3: 432 Hz · night | N3: Lights off, volume low. Full 3 h piece on YouTube: Rin. #sleepmusic #sleep #relaxingmusic #432hz #meditation | O3: pendiente
A4: OBRA-001-S3 | B4: OBRA-001 | C4: 3 | D4: short-3.mp4 | E4: 5432 | F4: 1.3 | G4: 19.2 | H4: lights off, breathe slower | I4: Lights off, breathe slower · 432 Hz · Ocean Waves | J4: Stay until your breathing slows. Full piece (3 h): Sleep Music · Ocean Waves · 432 Hz · Bottomless Night · 3 Hours #sleepmusic #sleep #relaxingmusic #432hz #shorts | K4: sleep music, deep sleep, 432 hz, ocean waves, Rin | M4: 432 Hz · rest | N4: Stay until your breathing slows. Full 3 h piece on YouTube: Rin. #sleepmusic #sleep #relaxingmusic #432hz #meditation | O4: pendiente
A5: OBRA-001-S4 | B5: OBRA-001 | C5: 4 | D5: short-4.mp4 | E5: 8104 | F5: 1.08 | G5: 28.8 | H5: for the hour before sleep | I5: For the hour before sleep · 432 Hz · Ocean Waves | J5: The quiet hour before sleep. Full piece (3 h): Sleep Music · Ocean Waves · 432 Hz · Bottomless Night · 3 Hours #sleepmusic #sleep #relaxingmusic #432hz #shorts | K5: sleep music, deep sleep, 432 hz, ocean waves, Rin | M5: 432 Hz · dark room | N5: The quiet hour before sleep. Full 3 h piece on YouTube: Rin. #sleepmusic #sleep #relaxingmusic #432hz #meditation | O5: pendiente
A6: OBRA-001-S5 | B6: OBRA-001 | C6: 5 | D6: short-5.mp4 | E6: 10775 | F6: 1.22 | G6: 38.4 | H6: the house is asleep | I6: The house is asleep · 432 Hz · Ocean Waves | J6: Send this to someone who can't sleep. Full piece (3 h): Sleep Music · Ocean Waves · 432 Hz · Bottomless Night · 3 Hours #sleepmusic #sleep #relaxingmusic #432hz #shorts | K6: sleep music, deep sleep, 432 hz, ocean waves, Rin | M6: 432 Hz · drift off | N6: Send this to someone who can't sleep. Full 3 h piece on YouTube: Rin. #sleepmusic #sleep #relaxingmusic #432hz #meditation | O6: pendiente
A7: OBRA-001-S6 | B7: OBRA-001 | C7: 6 | D7: short-6.mp4 | E7: 1426 | F7: 1.35 | G7: 4.8 | H7: nothing left to do today | I7: Nothing left to do today · 432 Hz · Ocean Waves | J7: Turn the brightness down and stay. Full piece (3 h): Sleep Music · Ocean Waves · 432 Hz · Bottomless Night · 3 Hours #sleepmusic #sleep #relaxingmusic #432hz #shorts | K7: sleep music, deep sleep, 432 hz, ocean waves, Rin | M7: 432 Hz · lights off | N7: Turn the brightness down and stay. Full 3 h piece on YouTube: Rin. #sleepmusic #sleep #relaxingmusic #432hz #meditation | O7: pendiente
A8: OBRA-001-S7 | B8: OBRA-001 | C8: 7 | D8: short-7.mp4 | E8: 6768 | F8: 1.04 | G8: 33.6 | H8: slower, and slower still | I8: Slower, and slower still · 432 Hz · Ocean Waves | J8: Play it as the last thing tonight. Full piece (3 h): Sleep Music · Ocean Waves · 432 Hz · Bottomless Night · 3 Hours #sleepmusic #sleep #relaxingmusic #432hz #shorts | K8: sleep music, deep sleep, 432 hz, ocean waves, Rin | M8: 432 Hz · deep rest | N8: Play it as the last thing tonight. Full 3 h piece on YouTube: Rin. #sleepmusic #sleep #relaxingmusic #432hz #meditation | O8: pendiente
A9: OBRA-002-S1 | B9: OBRA-002 | C9: 1 | D9: short-1.mp4 | E9: 90 | F9: 1 | G9: 0 | H9: to fall asleep | I9: To fall asleep · 528 Hz · Ocean Waves | J9: Save this for tonight. Full piece (2 h): Sleep Music · Ocean Waves · 528 Hz · Low Tide · 2 Hours #sleepmusic #sleep #relaxingmusic #528hz #shorts | K9: sleep music, deep sleep, 528 hz, ocean waves, Rin | M9: 528 Hz · sleep | N9: Save this for tonight. Full 2 h piece on YouTube: Rin. #sleepmusic #sleep #relaxingmusic #528hz #meditation | O9: pendiente
A10: OBRA-002-S2 | B10: OBRA-002 | C10: 2 | D10: short-2.mp4 | E10: 1861 | F10: 1.15 | G10: 9.6 | H10: let the day go quiet | I10: Let the day go quiet · 528 Hz · Ocean Waves | J10: Lights off, volume low. Full piece (2 h): Sleep Music · Ocean Waves · 528 Hz · Low Tide · 2 Hours #sleepmusic #sleep #relaxingmusic #528hz #shorts | K10: sleep music, deep sleep, 528 hz, ocean waves, Rin | M10: 528 Hz · night | N10: Lights off, volume low. Full 2 h piece on YouTube: Rin. #sleepmusic #sleep #relaxingmusic #528hz #meditation | O10: pendiente
A11: OBRA-002-S3 | B11: OBRA-002 | C11: 3 | D11: short-3.mp4 | E11: 3632 | F11: 1.3 | G11: 19.2 | H11: lights off, breathe slower | I11: Lights off, breathe slower · 528 Hz · Ocean Waves | J11: Stay until your breathing slows. Full piece (2 h): Sleep Music · Ocean Waves · 528 Hz · Low Tide · 2 Hours #sleepmusic #sleep #relaxingmusic #528hz #shorts | K11: sleep music, deep sleep, 528 hz, ocean waves, Rin | M11: 528 Hz · rest | N11: Stay until your breathing slows. Full 2 h piece on YouTube: Rin. #sleepmusic #sleep #relaxingmusic #528hz #meditation | O11: pendiente
A12: OBRA-002-S4 | B12: OBRA-002 | C12: 4 | D12: short-4.mp4 | E12: 5404 | F12: 1.08 | G12: 28.8 | H12: for the hour before sleep | I12: For the hour before sleep · 528 Hz · Ocean Waves | J12: The quiet hour before sleep. Full piece (2 h): Sleep Music · Ocean Waves · 528 Hz · Low Tide · 2 Hours #sleepmusic #sleep #relaxingmusic #528hz #shorts | K12: sleep music, deep sleep, 528 hz, ocean waves, Rin | M12: 528 Hz · dark room | N12: The quiet hour before sleep. Full 2 h piece on YouTube: Rin. #sleepmusic #sleep #relaxingmusic #528hz #meditation | O12: pendiente
A13: OBRA-002-S5 | B13: OBRA-002 | C13: 5 | D13: short-5.mp4 | E13: 7175 | F13: 1.22 | G13: 38.4 | H13: the house is asleep | I13: The house is asleep · 528 Hz · Ocean Waves | J13: Send this to someone who can't sleep. Full piece (2 h): Sleep Music · Ocean Waves · 528 Hz · Low Tide · 2 Hours #sleepmusic #sleep #relaxingmusic #528hz #shorts | K13: sleep music, deep sleep, 528 hz, ocean waves, Rin | M13: 528 Hz · drift off | N13: Send this to someone who can't sleep. Full 2 h piece on YouTube: Rin. #sleepmusic #sleep #relaxingmusic #528hz #meditation | O13: pendiente
... A36: OBRA-005-S7 | B36: OBRA-005 | C36: 7 | D36: short-7.mp4 | E36: 4518 | F36: 1.04 | G36: 33.6 | H36: slower, and slower still | I36: Slower, and slower still · 432 Hz · Ocean Waves | J36: Play it as the last thing tonight. Full piece (2 h): Sleep Music · Ocean Waves · 432 Hz · Winter Breath · 2 Hours #sleepmusic #sleep #relaxingmusic #432hz #shorts | K36: sleep music, deep sleep, 432 hz, ocean waves, Rin | M36: 432 Hz · deep rest | N36: Play it as the last thing tonight. Full 2 h piece on YouTube: Rin. #sleepmusic #sleep #relaxingmusic #432hz #meditation | O36: pendiente
A37: OBRA-006-S1 | B37: OBRA-006 | C37: 1 | D37: short-1.mp4 | E37: 90 | F37: 1 | G37: 0 | H37: to fall asleep | I37: To fall asleep · 417 Hz · Ocean Waves | J37: Save this for tonight. Full piece (90 min): Sleep Music · Ocean Waves · 417 Hz · Before Dawn · 90 Minutes https://youtu.be/cECOoUGLqes #sleepmusic #sleep #relaxingmusic #417hz #shorts | K37: sleep music, deep sleep, 417 hz, ocean waves, Rin | L37: https://youtu.be/cECOoUGLqes | M37: 417 Hz · sleep | N37: Save this for tonight. Full 90 min piece on YouTube: Rin. #sleepmusic #sleep #relaxingmusic #417hz #meditation | O37: pendiente
A38: OBRA-006-S2 | B38: OBRA-006 | C38: 2 | D38: short-2.mp4 | E38: 1411 | F38: 1.15 | G38: 9.6 | H38: let the day go quiet | I38: Let the day go quiet · 417 Hz · Ocean Waves | J38: Lights off, volume low. Full piece (90 min): Sleep Music · Ocean Waves · 417 Hz · Before Dawn · 90 Minutes https://youtu.be/cECOoUGLqes #sleepmusic #sleep #relaxingmusic #417hz #shorts | K38: sleep music, deep sleep, 417 hz, ocean waves, Rin | L38: https://youtu.be/cECOoUGLqes | M38: 417 Hz · night | N38: Lights off, volume low. Full 90 min piece on YouTube: Rin. #sleepmusic #sleep #relaxingmusic #417hz #meditation | O38: pendiente
A39: OBRA-006-S3 | B39: OBRA-006 | C39: 3 | D39: short-3.mp4 | E39: 2732 | F39: 1.3 | G39: 19.2 | H39: lights off, breathe slower | I39: Lights off, breathe slower · 417 Hz · Ocean Waves | J39: Stay until your breathing slows. Full piece (90 min): Sleep Music · Ocean Waves · 417 Hz · Before Dawn · 90 Minutes https://youtu.be/cECOoUGLqes #sleepmusic #sleep #relaxingmusic #417hz #shorts | K39: sleep music, deep sleep, 417 hz, ocean waves, Rin | L39: https://youtu.be/cECOoUGLqes | M39: 417 Hz · rest | N39: Stay until your breathing slows. Full 90 min piece on YouTube: Rin. #sleepmusic #sleep #relaxingmusic #417hz #meditation | O39: pendiente
A40: OBRA-006-S4 | B40: OBRA-006 | C40: 4 | D40: short-4.mp4 | E40: 4054 | F40: 1.08 | G40: 28.8 | H40: for the hour before sleep | I40: For the hour before sleep · 417 Hz · Ocean Waves | J40: The quiet hour before sleep. Full piece (90 min): Sleep Music · Ocean Waves · 417 Hz · Before Dawn · 90 Minutes https://youtu.be/cECOoUGLqes #sleepmusic #sleep #relaxingmusic #417hz #shorts | K40: sleep music, deep sleep, 417 hz, ocean waves, Rin | L40: https://youtu.be/cECOoUGLqes | M40: 417 Hz · dark room | N40: The quiet hour before sleep. Full 90 min piece on YouTube: Rin. #sleepmusic #sleep #relaxingmusic #417hz #meditation | O40: pendiente
A41: OBRA-006-S5 | B41: OBRA-006 | C41: 5 | D41: short-5.mp4 | E41: 5375 | F41: 1.22 | G41: 38.4 | H41: the house is asleep | I41: The house is asleep · 417 Hz · Ocean Waves | J41: Send this to someone who can't sleep. Full piece (90 min): Sleep Music · Ocean Waves · 417 Hz · Before Dawn · 90 Minutes https://youtu.be/cECOoUGLqes #sleepmusic #sleep #relaxingmusic #417hz #shorts | K41: sleep music, deep sleep, 417 hz, ocean waves, Rin | L41: https://youtu.be/cECOoUGLqes | M41: 417 Hz · drift off | N41: Send this to someone who can't sleep. Full 90 min piece on YouTube: Rin. #sleepmusic #sleep #relaxingmusic #417hz #meditation | O41: pendiente
A42: OBRA-006-S6 | B42: OBRA-006 | C42: 6 | D42: short-6.mp4 | E42: 750 | F42: 1.35 | G42: 4.8 | H42: nothing left to do today | I42: Nothing left to do today · 417 Hz · Ocean Waves | J42: Turn the brightness down and stay. Full piece (90 min): Sleep Music · Ocean Waves · 417 Hz · Before Dawn · 90 Minutes https://youtu.be/cECOoUGLqes #sleepmusic #sleep #relaxingmusic #417hz #shorts | K42: sleep music, deep sleep, 417 hz, ocean waves, Rin | L42: https://youtu.be/cECOoUGLqes | M42: 417 Hz · lights off | N42: Turn the brightness down and stay. Full 90 min piece on YouTube: Rin. #sleepmusic #sleep #relaxingmusic #417hz #meditation | O42: pendiente
A43: OBRA-006-S7 | B43: OBRA-006 | C43: 7 | D43: short-7.mp4 | E43: 3393 | F43: 1.04 | G43: 33.6 | H43: slower, and slower still | I43: Slower, and slower still · 417 Hz · Ocean Waves | J43: Play it as the last thing tonight. Full piece (90 min): Sleep Music · Ocean Waves · 417 Hz · Before Dawn · 90 Minutes https://youtu.be/cECOoUGLqes #sleepmusic #sleep #relaxingmusic #417hz #shorts | K43: sleep music, deep sleep, 417 hz, ocean waves, Rin | L43: https://youtu.be/cECOoUGLqes | M43: 417 Hz · deep rest | N43: Play it as the last thing tonight. Full 90 min piece on YouTube: Rin. #sleepmusic #sleep #relaxingmusic #417hz #meditation | O43: pendiente
A44: OBRA-007-S1 | B44: OBRA-007 | C44: 1 | D44: short-1.mp4 | E44: 90 | F44: 1 | G44: 0 | H44: to fall asleep | I44: To fall asleep · 396 Hz · Ocean Waves | J44: Save this for tonight. Full piece (2 h): Sleep Music · Ocean Waves · 396 Hz · Slow Weight · 2 Hours #sleepmusic #sleep #relaxingmusic #396hz #shorts | K44: sleep music, deep sleep, 396 hz, ocean waves, Rin | M44: 396 Hz · sleep | N44: Save this for tonight. Full 2 h piece on YouTube: Rin. #sleepmusic #sleep #relaxingmusic #396hz #meditation | O44: pendiente
A45: OBRA-007-S2 | B45: OBRA-007 | C45: 2 | D45: short-2.mp4 | E45: 1861 | F45: 1.15 | G45: 9.6 | H45: let the day go quiet | I45: Let the day go quiet · 396 Hz · Ocean Waves | J45: Lights off, volume low. Full piece (2 h): Sleep Music · Ocean Waves · 396 Hz · Slow Weight · 2 Hours #sleepmusic #sleep #relaxingmusic #396hz #shorts | K45: sleep music, deep sleep, 396 hz, ocean waves, Rin | M45: 396 Hz · night | N45: Lights off, volume low. Full 2 h piece on YouTube: Rin. #sleepmusic #sleep #relaxingmusic #396hz #meditation | O45: pendiente
A46: OBRA-007-S3 | B46: OBRA-007 | C46: 3 | D46: short-3.mp4 | E46: 3632 | F46: 1.3 | G46: 19.2 | H46: lights off, breathe slower | I46: Lights off, breathe slower · 396 Hz · Ocean Waves | J46: Stay until your breathing slows. Full piece (2 h): Sleep Music · Ocean Waves · 396 Hz · Slow Weight · 2 Hours #sleepmusic #sleep #relaxingmusic #396hz #shorts | K46: sleep music, deep sleep, 396 hz, ocean waves, Rin | M46: 396 Hz · rest | N46: Stay until your breathing slows. Full 2 h piece on YouTube: Rin. #sleepmusic #sleep #relaxingmusic #396hz #meditation | O46: pendiente
A47: OBRA-007-S4 | B47: OBRA-007 | C47: 4 | D47: short-4.mp4 | E47: 5404 | F47: 1.08 | G47: 28.8 | H47: for the hour before sleep | I47: For the hour before sleep · 396 Hz · Ocean Waves | J47: The quiet hour before sleep. Full piece (2 h): Sleep Music · Ocean Waves · 396 Hz · Slow Weight · 2 Hours #sleepmusic #sleep #relaxingmusic #396hz #shorts | K47: sleep music, deep sleep, 396 hz, ocean waves, Rin | M47: 396 Hz · dark room | N47: The quiet hour before sleep. Full 2 h piece on YouTube: Rin. #sleepmusic #sleep #relaxingmusic #396hz #meditation | O47: pendiente
A48: OBRA-007-S5 | B48: OBRA-007 | C48: 5 | D48: short-5.mp4 | E48: 7175 | F48: 1.22 | G48: 38.4 | H48: the house is asleep | I48: The house is asleep · 396 Hz · Ocean Waves | J48: Send this to someone who can't sleep. Full piece (2 h): Sleep Music · Ocean Waves · 396 Hz · Slow Weight · 2 Hours #sleepmusic #sleep #relaxingmusic #396hz #shorts | K48: sleep music, deep sleep, 396 hz, ocean waves, Rin | M48: 396 Hz · drift off | N48: Send this to someone who can't sleep. Full 2 h piece on YouTube: Rin. #sleepmusic #sleep #relaxingmusic #396hz #meditation | O48: pendiente
A49: OBRA-007-S6 | B49: OBRA-007 | C49: 6 | D49: short-6.mp4 | E49: 976 | F49: 1.35 | G49: 4.8 | H49: nothing left to do today | I49: Nothing left to do today · 396 Hz · Ocean Waves | J49: Turn the brightness down and stay. Full piece (2 h): Sleep Music · Ocean Waves · 396 Hz · Slow Weight · 2 Hours #sleepmusic #sleep #relaxingmusic #396hz #shorts | K49: sleep music, deep sleep, 396 hz, ocean waves, Rin | M49: 396 Hz · lights off | N49: Turn the brightness down and stay. Full 2 h piece on YouTube: Rin. #sleepmusic #sleep #relaxingmusic #396hz #meditation | O49: pendiente
A50: OBRA-007-S7 | B50: OBRA-007 | C50: 7 | D50: short-7.mp4 | E50: 4518 | F50: 1.04 | G50: 33.6 | H50: slower, and slower still | I50: Slower, and slower still · 396 Hz · Ocean Waves | J50: Play it as the last thing tonight. Full piece (2 h): Sleep Music · Ocean Waves · 396 Hz · Slow Weight · 2 Hours #sleepmusic #sleep #relaxingmusic #396hz #shorts | K50: sleep music, deep sleep, 396 hz, ocean waves, Rin | M50: 396 Hz · deep rest | N50: Play it as the last thing tonight. Full 2 h piece on YouTube: Rin. #sleepmusic #sleep #relaxingmusic #396hz #meditation | O50: pendiente
A51: OBRA-008-S1 | B51: OBRA-008 | C51: 1 | D51: short-1.mp4 | E51: 90 | F51: 1 | G51: 0 | H51: to fall asleep | I51: To fall asleep · 432 Hz · Ocean Waves | J51: Save this for tonight. Full piece (3 h): Sleep Music · Ocean Waves · 432 Hz · The Sleeping House · 3 Hours #sleepmusic #sleep #relaxingmusic #432hz #shorts | K51: sleep music, deep sleep, 432 hz, ocean waves, Rin | M51: 432 Hz · sleep | N51: Save this for tonight. Full 3 h piece on YouTube: Rin. #sleepmusic #sleep #relaxingmusic #432hz #meditation | O51: pendiente
A52: OBRA-008-S2 | B52: OBRA-008 | C52: 2 | D52: short-2.mp4 | E52: 2761 | F52: 1.15 | G52: 9.6 | H52: let the day go quiet | I52: Let the day go quiet · 432 Hz · Ocean Waves | J52: Lights off, volume low. Full piece (3 h): Sleep Music · Ocean Waves · 432 Hz · The Sleeping House · 3 Hours #sleepmusic #sleep #relaxingmusic #432hz #shorts | K52: sleep music, deep sleep, 432 hz, ocean waves, Rin | M52: 432 Hz · night | N52: Lights off, volume low. Full 3 h piece on YouTube: Rin. #sleepmusic #sleep #relaxingmusic #432hz #meditation | O52: pendiente
A53: OBRA-008-S3 | B53: OBRA-008 | C53: 3 | D53: short-3.mp4 | E53: 5432 | F53: 1.3 | G53: 19.2 | H53: lights off, breathe slower | I53: Lights off, breathe slower · 432 Hz · Ocean Waves | J53: Stay until your breathing slows. Full piece (3 h): Sleep Music · Ocean Waves · 432 Hz · The Sleeping House · 3 Hours #sleepmusic #sleep #relaxingmusic #432hz #shorts | K53: sleep music, deep sleep, 432 hz, ocean waves, Rin | M53: 432 Hz · rest | N53: Stay until your breathing slows. Full 3 h piece on YouTube: Rin. #sleepmusic #sleep #relaxingmusic #432hz #meditation | O53: pendiente
A54: OBRA-008-S4 | B54: OBRA-008 | C54: 4 | D54: short-4.mp4 | E54: 8104 | F54: 1.08 | G54: 28.8 | H54: for the hour before sleep | I54: For the hour before sleep · 432 Hz · Ocean Waves | J54: The quiet hour before sleep. Full piece (3 h): Sleep Music · Ocean Waves · 432 Hz · The Sleeping House · 3 Hours #sleepmusic #sleep #relaxingmusic #432hz #shorts | K54: sleep music, deep sleep, 432 hz, ocean waves, Rin | M54: 432 Hz · dark room | N54: The quiet hour before sleep. Full 3 h piece on YouTube: Rin. #sleepmusic #sleep #relaxingmusic #432hz #meditation | O54: pendiente
A55: OBRA-008-S5 | B55: OBRA-008 | C55: 5 | D55: short-5.mp4 | E55: 10775 | F55: 1.22 | G55: 38.4 | H55: the house is asleep | I55: The house is asleep · 432 Hz · Ocean Waves | J55: Send this to someone who can't sleep. Full piece (3 h): Sleep Music · Ocean Waves · 432 Hz · The Sleeping House · 3 Hours #sleepmusic #sleep #relaxingmusic #432hz #shorts | K55: sleep music, deep sleep, 432 hz, ocean waves, Rin | M55: 432 Hz · drift off | N55: Send this to someone who can't sleep. Full 3 h piece on YouTube: Rin. #sleepmusic #sleep #relaxingmusic #432hz #meditation | O55: pendiente
... A78: OBRA-011-S7 | B78: OBRA-011 | C78: 7 | D78: short-7.mp4 | E78: 768 | F78: 1.04 | G78: 33.6 | H78: one minute of quiet | I78: One minute of quiet · 528 Hz · Ocean and Birds | J78: Come back to this when you need it. Full piece (20 min): Music for Anxiety · Ocean and Birds · 528 Hz · Four and Six · 20 Minutes #anxietyrelief #calm #relaxingmusic #528hz #shorts | K78: anxiety relief, calming music, 528 hz, ocean and birds, Rin | M78: 528 Hz · quiet | N78: Come back to this when you need it. Full 20 min piece on YouTube: Rin. #anxietyrelief #calm #relaxingmusic #528hz #meditation | O78: pendiente
A79: OBRA-012-S1 | B79: OBRA-012 | C79: 1 | D79: short-1.mp4 | E79: 90 | F79: 1 | G79: 0 | H79: for when your mind won't stop | I79: For when your mind won't stop · 528 Hz · Zen Temple | J79: Save this for the next hard moment. Full piece (10 min): Music for Anxiety · Zen Temple · 528 Hz · A Brief Pause · 10 Minutes https://youtu.be/-ywSggvwt2E #anxietyrelief #calm #relaxingmusic #528hz #shorts | K79: anxiety relief, calming music, 528 hz, zen temple, Rin | L79: https://youtu.be/-ywSggvwt2E | M79: 528 Hz · calm | N79: Save this for the next hard moment. Full 10 min piece on YouTube: Rin. #anxietyrelief #calm #relaxingmusic #528hz #meditation | O79: pendiente
A80: OBRA-012-S2 | B80: OBRA-012 | C80: 2 | D80: short-2.mp4 | E80: 211 | F80: 1.15 | G80: 9.6 | H80: breathe out longer than you breathe in | I80: Breathe out longer than you breathe in · 528 Hz · Zen Temple | J80: Headphones on. Exhale slowly. Full piece (10 min): Music for Anxiety · Zen Temple · 528 Hz · A Brief Pause · 10 Minutes https://youtu.be/-ywSggvwt2E #anxietyrelief #calm #relaxingmusic #528hz #shorts | K80: anxiety relief, calming music, 528 hz, zen temple, Rin | L80: https://youtu.be/-ywSggvwt2E | M80: 528 Hz · exhale | N80: Headphones on. Exhale slowly. Full 10 min piece on YouTube: Rin. #anxietyrelief #calm #relaxingmusic #528hz #meditation | O80: pendiente
A81: OBRA-012-S3 | B81: OBRA-012 | C81: 3 | D81: short-3.mp4 | E81: 332 | F81: 1.3 | G81: 19.2 | H81: a pause, just for you | I81: A pause, just for you · 528 Hz · Zen Temple | J81: Stay for one full breath. Full piece (10 min): Music for Anxiety · Zen Temple · 528 Hz · A Brief Pause · 10 Minutes https://youtu.be/-ywSggvwt2E #anxietyrelief #calm #relaxingmusic #528hz #shorts | K81: anxiety relief, calming music, 528 hz, zen temple, Rin | L81: https://youtu.be/-ywSggvwt2E | M81: 528 Hz · pause | N81: Stay for one full breath. Full 10 min piece on YouTube: Rin. #anxietyrelief #calm #relaxingmusic #528hz #meditation | O81: pendiente
A82: OBRA-012-S4 | B82: OBRA-012 | C82: 4 | D82: short-4.mp4 | E82: 454 | F82: 1.08 | G82: 28.8 | H82: slow down, one breath at a time | I82: Slow down, one breath at a time · 528 Hz · Zen Temple | J82: A small pause in the middle of the day. Full piece (10 min): Music for Anxiety · Zen Temple · 528 Hz · A Brief Pause · 10 Minutes https://youtu.be/-ywSggvwt2E #anxietyrelief #calm #relaxingmusic #528hz #shorts | K82: anxiety relief, calming music, 528 hz, zen temple, Rin | L82: https://youtu.be/-ywSggvwt2E | M82: 528 Hz · breathe | N82: A small pause in the middle of the day. Full 10 min piece on YouTube: Rin. #anxietyrelief #calm #relaxingmusic #528hz #meditation | O82: pendiente
A83: OBRA-012-S5 | B83: OBRA-012 | C83: 5 | D83: short-5.mp4 | E83: 575 | F83: 1.22 | G83: 38.4 | H83: before you begin | I83: Before you begin · 528 Hz · Zen Temple | J83: Send this to someone who needs a pause. Full piece (10 min): Music for Anxiety · Zen Temple · 528 Hz · A Brief Pause · 10 Minutes https://youtu.be/-ywSggvwt2E #anxietyrelief #calm #relaxingmusic #528hz #shorts | K83: anxiety relief, calming music, 528 hz, zen temple, Rin | L83: https://youtu.be/-ywSggvwt2E | M83: 528 Hz · slow down | N83: Send this to someone who needs a pause. Full 10 min piece on YouTube: Rin. #anxietyrelief #calm #relaxingmusic #528hz #meditation | O83: pendiente
A84: OBRA-012-S6 | B84: OBRA-012 | C84: 6 | D84: short-6.mp4 | E84: 150 | F84: 1.35 | G84: 4.8 | H84: you can put it down for now | I84: You can put it down for now · 528 Hz · Zen Temple | J84: Breathe with the sound for a moment. Full piece (10 min): Music for Anxiety · Zen Temple · 528 Hz · A Brief Pause · 10 Minutes https://youtu.be/-ywSggvwt2E #anxietyrelief #calm #relaxingmusic #528hz #shorts | K84: anxiety relief, calming music, 528 hz, zen temple, Rin | L84: https://youtu.be/-ywSggvwt2E | M84: 528 Hz · let go | N84: Breathe with the sound for a moment. Full 10 min piece on YouTube: Rin. #anxietyrelief #calm #relaxingmusic #528hz #meditation | O84: pendiente
A85: OBRA-012-S7 | B85: OBRA-012 | C85: 7 | D85: short-7.mp4 | E85: 393 | F85: 1.04 | G85: 33.6 | H85: one minute of quiet | I85: One minute of quiet · 528 Hz · Zen Temple | J85: Come back to this when you need it. Full piece (10 min): Music for Anxiety · Zen Temple · 528 Hz · A Brief Pause · 10 Minutes https://youtu.be/-ywSggvwt2E #anxietyrelief #calm #relaxingmusic #528hz #shorts | K85: anxiety relief, calming music, 528 hz, zen temple, Rin | L85: https://youtu.be/-ywSggvwt2E | M85: 528 Hz · quiet | N85: Come back to this when you need it. Full 10 min piece on YouTube: Rin. #anxietyrelief #calm #relaxingmusic #528hz #meditation | O85: pendiente
A86: OBRA-013-S1 | B86: OBRA-013 | C86: 1 | D86: short-1.mp4 | E86: 90 | F86: 1 | G86: 0 | H86: for when your mind won't stop | I86: For when your mind won't stop · 432 Hz · Ocean and Birds | J86: Save this for the next hard moment. Full piece (20 min): Music for Anxiety · Ocean and Birds · 432 Hz · Count to Six · 20 Minutes #anxietyrelief #calm #relaxingmusic #432hz #shorts | K86: anxiety relief, calming music, 432 hz, ocean and birds, Rin | M86: 432 Hz · calm | N86: Save this for the next hard moment. Full 20 min piece on YouTube: Rin. #anxietyrelief #calm #relaxingmusic #432hz #meditation | O86: pendiente
A87: OBRA-013-S2 | B87: OBRA-013 | C87: 2 | D87: short-2.mp4 | E87: 361 | F87: 1.15 | G87: 9.6 | H87: breathe out longer than you breathe in | I87: Breathe out longer than you breathe in · 432 Hz · Ocean and Birds | J87: Headphones on. Exhale slowly. Full piece (20 min): Music for Anxiety · Ocean and Birds · 432 Hz · Count to Six · 20 Minutes #anxietyrelief #calm #relaxingmusic #432hz #shorts | K87: anxiety relief, calming music, 432 hz, ocean and birds, Rin | M87: 432 Hz · exhale | N87: Headphones on. Exhale slowly. Full 20 min piece on YouTube: Rin. #anxietyrelief #calm #relaxingmusic #432hz #meditation | O87: pendiente
A88: OBRA-013-S3 | B88: OBRA-013 | C88: 3 | D88: short-3.mp4 | E88: 632 | F88: 1.3 | G88: 19.2 | H88: a pause, just for you | I88: A pause, just for you · 432 Hz · Ocean and Birds | J88: Stay for one full breath. Full piece (20 min): Music for Anxiety · Ocean and Birds · 432 Hz · Count to Six · 20 Minutes #anxietyrelief #calm #relaxingmusic #432hz #shorts | K88: anxiety relief, calming music, 432 hz, ocean and birds, Rin | M88: 432 Hz · pause | N88: Stay for one full breath. Full 20 min piece on YouTube: Rin. #anxietyrelief #calm #relaxingmusic #432hz #meditation | O88: pendiente
A89: OBRA-013-S4 | B89: OBRA-013 | C89: 4 | D89: short-4.mp4 | E89: 904 | F89: 1.08 | G89: 28.8 | H89: slow down, one breath at a time | I89: Slow down, one breath at a time · 432 Hz · Ocean and Birds | J89: A small pause in the middle of the day. Full piece (20 min): Music for Anxiety · Ocean and Birds · 432 Hz · Count to Six · 20 Minutes #anxietyrelief #calm #relaxingmusic #432hz #shorts | K89: anxiety relief, calming music, 432 hz, ocean and birds, Rin | M89: 432 Hz · breathe | N89: A small pause in the middle of the day. Full 20 min piece on YouTube: Rin. #anxietyrelief #calm #relaxingmusic #432hz #meditation | O89: pendiente
A90: OBRA-013-S5 | B90: OBRA-013 | C90: 5 | D90: short-5.mp4 | E90: 1175 | F90: 1.22 | G90: 38.4 | H90: before you begin | I90: Before you begin · 432 Hz · Ocean and Birds | J90: Send this to someone who needs a pause. Full piece (20 min): Music for Anxiety · Ocean and Birds · 432 Hz · Count to Six · 20 Minutes #anxietyrelief #calm #relaxingmusic #432hz #shorts | K90: anxiety relief, calming music, 432 hz, ocean and birds, Rin | M90: 432 Hz · slow down | N90: Send this to someone who needs a pause. Full 20 min piece on YouTube: Rin. #anxietyrelief #calm #relaxingmusic #432hz #meditation | O90: pendiente
A91: OBRA-013-S6 | B91: OBRA-013 | C91: 6 | D91: short-6.mp4 | E91: 226 | F91: 1.35 | G91: 4.8 | H91: you can put it down for now | I91: You can put it down for now · 432 Hz · Ocean and Birds | J91: Breathe with the sound for a moment. Full piece (20 min): Music for Anxiety · Ocean and Birds · 432 Hz · Count to Six · 20 Minutes #anxietyrelief #calm #relaxingmusic #432hz #shorts | K91: anxiety relief, calming music, 432 hz, ocean and birds, Rin | M91: 432 Hz · let go | N91: Breathe with the sound for a moment. Full 20 min piece on YouTube: Rin. #anxietyrelief #calm #relaxingmusic #432hz #meditation | O91: pendiente
A92: OBRA-013-S7 | B92: OBRA-013 | C92: 7 | D92: short-7.mp4 | E92: 768 | F92: 1.04 | G92: 33.6 | H92: one minute of quiet | I92: One minute of quiet · 432 Hz · Ocean and Birds | J92: Come back to this when you need it. Full piece (20 min): Music for Anxiety · Ocean and Birds · 432 Hz · Count to Six · 20 Minutes #anxietyrelief #calm #relaxingmusic #432hz #shorts | K92: anxiety relief, calming music, 432 hz, ocean and birds, Rin | M92: 432 Hz · quiet | N92: Come back to this when you need it. Full 20 min piece on YouTube: Rin. #anxietyrelief #calm #relaxingmusic #432hz #meditation | O92: pendiente
A93: OBRA-014-S1 | B93: OBRA-014 | C93: 1 | D93: short-1.mp4 | E93: 90 | F93: 1 | G93: 0 | H93: for when your mind won't stop | I93: For when your mind won't stop · 528 Hz · Zen Temple | J93: Save this for the next hard moment. Full piece (20 min): Music for Anxiety · Zen Temple · 528 Hz · In and Out · 20 Minutes #anxietyrelief #calm #relaxingmusic #528hz #shorts | K93: anxiety relief, calming music, 528 hz, zen temple, Rin | M93: 528 Hz · calm | N93: Save this for the next hard moment. Full 20 min piece on YouTube: Rin. #anxietyrelief #calm #relaxingmusic #528hz #meditation | O93: pendiente
A94: OBRA-014-S2 | B94: OBRA-014 | C94: 2 | D94: short-2.mp4 | E94: 361 | F94: 1.15 | G94: 9.6 | H94: breathe out longer than you breathe in | I94: Breathe out longer than you breathe in · 528 Hz · Zen Temple | J94: Headphones on. Exhale slowly. Full piece (20 min): Music for Anxiety · Zen Temple · 528 Hz · In and Out · 20 Minutes #anxietyrelief #calm #relaxingmusic #528hz #shorts | K94: anxiety relief, calming music, 528 hz, zen temple, Rin | M94: 528 Hz · exhale | N94: Headphones on. Exhale slowly. Full 20 min piece on YouTube: Rin. #anxietyrelief #calm #relaxingmusic #528hz #meditation | O94: pendiente
A95: OBRA-014-S3 | B95: OBRA-014 | C95: 3 | D95: short-3.mp4 | E95: 632 | F95: 1.3 | G95: 19.2 | H95: a pause, just for you | I95: A pause, just for you · 528 Hz · Zen Temple | J95: Stay for one full breath. Full piece (20 min): Music for Anxiety · Zen Temple · 528 Hz · In and Out · 20 Minutes #anxietyrelief #calm #relaxingmusic #528hz #shorts | K95: anxiety relief, calming music, 528 hz, zen temple, Rin | M95: 528 Hz · pause | N95: Stay for one full breath. Full 20 min piece on YouTube: Rin. #anxietyrelief #calm #relaxingmusic #528hz #meditation | O95: pendiente
A96: OBRA-014-S4 | B96: OBRA-014 | C96: 4 | D96: short-4.mp4 | E96: 904 | F96: 1.08 | G96: 28.8 | H96: slow down, one breath at a time | I96: Slow down, one breath at a time · 528 Hz · Zen Temple | J96: A small pause in the middle of the day. Full piece (20 min): Music for Anxiety · Zen Temple · 528 Hz · In and Out · 20 Minutes #anxietyrelief #calm #relaxingmusic #528hz #shorts | K96: anxiety relief, calming music, 528 hz, zen temple, Rin | M96: 528 Hz · breathe | N96: A small pause in the middle of the day. Full 20 min piece on YouTube: Rin. #anxietyrelief #calm #relaxingmusic #528hz #meditation | O96: pendiente
A97: OBRA-014-S5 | B97: OBRA-014 | C97: 5 | D97: short-5.mp4 | E97: 1175 | F97: 1.22 | G97: 38.4 | H97: before you begin | I97: Before you begin · 528 Hz · Zen Temple | J97: Send this to someone who needs a pause. Full piece (20 min): Music for Anxiety · Zen Temple · 528 Hz · In and Out · 20 Minutes #anxietyrelief #calm #relaxingmusic #528hz #shorts | K97: anxiety relief, calming music, 528 hz, zen temple, Rin | M97: 528 Hz · slow down | N97: Send this to someone who needs a pause. Full 20 min piece on YouTube: Rin. #anxietyrelief #calm #relaxingmusic #528hz #meditation | O97: pendiente
... A99: OBRA-014-S7 | B99: OBRA-014 | C99: 7 | D99: short-7.mp4 | E99: 768 | F99: 1.04 | G99: 33.6 | H99: one minute of quiet | I99: One minute of quiet · 528 Hz · Zen Temple | J99: Come back to this when you need it. Full piece (20 min): Music for Anxiety · Zen Temple · 528 Hz · In and Out · 20 Minutes #anxietyrelief #calm #relaxingmusic #528hz #shorts | K99: anxiety relief, calming music, 528 hz, zen temple, Rin | M99: 528 Hz · quiet | N99: Come back to this when you need it. Full 20 min piece on YouTube: Rin. #anxietyrelief #calm #relaxingmusic #528hz #meditation | O99: pendiente
A100: OBRA-015-S1 | B100: OBRA-015 | C100: 1 | D100: short-1.mp4 | E100: 90 | F100: 1 | G100: 0 | H100: for when your mind won't stop | I100: For when your mind won't stop · 639 Hz · Ocean and Birds | J100: Save this for the next hard moment. Full piece (15 min): Music for Anxiety · Ocean and Birds · 639 Hz · Before You Begin · 15 Minutes https://youtu.be/nN2uPKczsrc #anxietyrelief #calm #relaxingmusic #639hz #shorts | K100: anxiety relief, calming music, 639 hz, ocean and birds, Rin | L100: https://youtu.be/nN2uPKczsrc | M100: 639 Hz · calm | N100: Save this for the next hard moment. Full 15 min piece on YouTube: Rin. #anxietyrelief #calm #relaxingmusic #639hz #meditation | O100: pendiente
A101: OBRA-015-S2 | B101: OBRA-015 | C101: 2 | D101: short-2.mp4 | E101: 286 | F101: 1.15 | G101: 9.6 | H101: breathe out longer than you breathe in | I101: Breathe out longer than you breathe in · 639 Hz · Ocean and Birds | J101: Headphones on. Exhale slowly. Full piece (15 min): Music for Anxiety · Ocean and Birds · 639 Hz · Before You Begin · 15 Minutes https://youtu.be/nN2uPKczsrc #anxietyrelief #calm #relaxingmusic #639hz #shorts | K101: anxiety relief, calming music, 639 hz, ocean and birds, Rin | L101: https://youtu.be/nN2uPKczsrc | M101: 639 Hz · exhale | N101: Headphones on. Exhale slowly. Full 15 min piece on YouTube: Rin. #anxietyrelief #calm #relaxingmusic #639hz #meditation | O101: pendiente
A102: OBRA-015-S3 | B102: OBRA-015 | C102: 3 | D102: short-3.mp4 | E102: 482 | F102: 1.3 | G102: 19.2 | H102: a pause, just for you | I102: A pause, just for you · 639 Hz · Ocean and Birds | J102: Stay for one full breath. Full piece (15 min): Music for Anxiety · Ocean and Birds · 639 Hz · Before You Begin · 15 Minutes https://youtu.be/nN2uPKczsrc #anxietyrelief #calm #relaxingmusic #639hz #shorts | K102: anxiety relief, calming music, 639 hz, ocean and birds, Rin | L102: https://youtu.be/nN2uPKczsrc | M102: 639 Hz · pause | N102: Stay for one full breath. Full 15 min piece on YouTube: Rin. #anxietyrelief #calm #relaxingmusic #639hz #meditation | O102: pendiente
A103: OBRA-015-S4 | B103: OBRA-015 | C103: 4 | D103: short-4.mp4 | E103: 679 | F103: 1.08 | G103: 28.8 | H103: slow down, one breath at a time | I103: Slow down, one breath at a time · 639 Hz · Ocean and Birds | J103: A small pause in the middle of the day. Full piece (15 min): Music for Anxiety · Ocean and Birds · 639 Hz · Before You Begin · 15 Minutes https://youtu.be/nN2uPKczsrc #anxietyrelief #calm #relaxingmusic #639hz #shorts | K103: anxiety relief, calming music, 639 hz, ocean and birds, Rin | L103: https://youtu.be/nN2uPKczsrc | M103: 639 Hz · breathe | N103: A small pause in the middle of the day. Full 15 min piece on YouTube: Rin. #anxietyrelief #calm #relaxingmusic #639hz #meditation | O103: pendiente
A104: OBRA-015-S5 | B104: OBRA-015 | C104: 5 | D104: short-5.mp4 | E104: 875 | F104: 1.22 | G104: 38.4 | H104: before you begin | I104: Before you begin · 639 Hz · Ocean and Birds | J104: Send this to someone who needs a pause. Full piece (15 min): Music for Anxiety · Ocean and Birds · 639 Hz · Before You Begin · 15 Minutes https://youtu.be/nN2uPKczsrc #anxietyrelief #calm #relaxingmusic #639hz #shorts | K104: anxiety relief, calming music, 639 hz, ocean and birds, Rin | L104: https://youtu.be/nN2uPKczsrc | M104: 639 Hz · slow down | N104: Send this to someone who needs a pause. Full 15 min piece on YouTube: Rin. #anxietyrelief #calm #relaxingmusic #639hz #meditation | O104: pendiente
A105: OBRA-015-S6 | B105: OBRA-015 | C105: 6 | D105: short-6.mp4 | E105: 188 | F105: 1.35 | G105: 4.8 | H105: you can put it down for now | I105: You can put it down for now · 639 Hz · Ocean and Birds | J105: Breathe with the sound for a moment. Full piece (15 min): Music for Anxiety · Ocean and Birds · 639 Hz · Before You Begin · 15 Minutes https://youtu.be/nN2uPKczsrc #anxietyrelief #calm #relaxingmusic #639hz #shorts | K105: anxiety relief, calming music, 639 hz, ocean and birds, Rin | L105: https://youtu.be/nN2uPKczsrc | M105: 639 Hz · let go | N105: Breathe with the sound for a moment. Full 15 min piece on YouTube: Rin. #anxietyrelief #calm #relaxingmusic #639hz #meditation | O105: pendiente
A106: OBRA-015-S7 | B106: OBRA-015 | C106: 7 | D106: short-7.mp4 | E106: 580 | F106: 1.04 | G106: 33.6 | H106: one minute of quiet | I106: One minute of quiet · 639 Hz · Ocean and Birds | J106: Come back to this when you need it. Full piece (15 min): Music for Anxiety · Ocean and Birds · 639 Hz · Before You Begin · 15 Minutes https://youtu.be/nN2uPKczsrc #anxietyrelief #calm #relaxingmusic #639hz #shorts | K106: anxiety relief, calming music, 639 hz, ocean and birds, Rin | L106: https://youtu.be/nN2uPKczsrc | M106: 639 Hz · quiet | N106: Come back to this when you need it. Full 15 min piece on YouTube: Rin. #anxietyrelief #calm #relaxingmusic #639hz #meditation | O106: pendiente
A107: OBRA-016-S1 | B107: OBRA-016 | C107: 1 | D107: short-1.mp4 | E107: 90 | F107: 1 | G107: 0 | H107: for when your mind won't stop | I107: For when your mind won't stop · 417 Hz · Rain on Leaves | J107: Save this for the next hard moment. Full piece (30 min): Music for Anxiety · Rain on Leaves · 417 Hz · End of the Day · 30 Minutes #anxietyrelief #calm #relaxingmusic #417hz #shorts | K107: anxiety relief, calming music, 417 hz, rain on leaves, Rin | M107: 417 Hz · calm | N107: Save this for the next hard moment. Full 30 min piece on YouTube: Rin. #anxietyrelief #calm #relaxingmusic #417hz #meditation | O107: pendiente
A108: OBRA-016-S2 | B108: OBRA-016 | C108: 2 | D108: short-2.mp4 | E108: 511 | F108: 1.15 | G108: 9.6 | H108: breathe out longer than you breathe in | I108: Breathe out longer than you breathe in · 417 Hz · Rain on Leaves | J108: Headphones on. Exhale slowly. Full piece (30 min): Music for Anxiety · Rain on Leaves · 417 Hz · End of the Day · 30 Minutes #anxietyrelief #calm #relaxingmusic #417hz #shorts | K108: anxiety relief, calming music, 417 hz, rain on leaves, Rin | M108: 417 Hz · exhale | N108: Headphones on. Exhale slowly. Full 30 min piece on YouTube: Rin. #anxietyrelief #calm #relaxingmusic #417hz #meditation | O108: pendiente
A109: OBRA-016-S3 | B109: OBRA-016 | C109: 3 | D109: short-3.mp4 | E109: 932 | F109: 1.3 | G109: 19.2 | H109: a pause, just for you | I109: A pause, just for you · 417 Hz · Rain on Leaves | J109: Stay for one full breath. Full piece (30 min): Music for Anxiety · Rain on Leaves · 417 Hz · End of the Day · 30 Minutes #anxietyrelief #calm #relaxingmusic #417hz #shorts | K109: anxiety relief, calming music, 417 hz, rain on leaves, Rin | M109: 417 Hz · pause | N109: Stay for one full breath. Full 30 min piece on YouTube: Rin. #anxietyrelief #calm #relaxingmusic #417hz #meditation | O109: pendiente
A110: OBRA-016-S4 | B110: OBRA-016 | C110: 4 | D110: short-4.mp4 | E110: 1354 | F110: 1.08 | G110: 28.8 | H110: slow down, one breath at a time | I110: Slow down, one breath at a time · 417 Hz · Rain on Leaves | J110: A small pause in the middle of the day. Full piece (30 min): Music for Anxiety · Rain on Leaves · 417 Hz · End of the Day · 30 Minutes #anxietyrelief #calm #relaxingmusic #417hz #shorts | K110: anxiety relief, calming music, 417 hz, rain on leaves, Rin | M110: 417 Hz · breathe | N110: A small pause in the middle of the day. Full 30 min piece on YouTube: Rin. #anxietyrelief #calm #relaxingmusic #417hz #meditation | O110: pendiente
A111: OBRA-016-S5 | B111: OBRA-016 | C111: 5 | D111: short-5.mp4 | E111: 1775 | F111: 1.22 | G111: 38.4 | H111: before you begin | I111: Before you begin · 417 Hz · Rain on Leaves | J111: Send this to someone who needs a pause. Full piece (30 min): Music for Anxiety · Rain on Leaves · 417 Hz · End of the Day · 30 Minutes #anxietyrelief #calm #relaxingmusic #417hz #shorts | K111: anxiety relief, calming music, 417 hz, rain on leaves, Rin | M111: 417 Hz · slow down | N111: Send this to someone who needs a pause. Full 30 min piece on YouTube: Rin. #anxietyrelief #calm #relaxingmusic #417hz #meditation | O111: pendiente
A112: OBRA-016-S6 | B112: OBRA-016 | C112: 6 | D112: short-6.mp4 | E112: 300 | F112: 1.35 | G112: 4.8 | H112: you can put it down for now | I112: You can put it down for now · 417 Hz · Rain on Leaves | J112: Breathe with the sound for a moment. Full piece (30 min): Music for Anxiety · Rain on Leaves · 417 Hz · End of the Day · 30 Minutes #anxietyrelief #calm #relaxingmusic #417hz #shorts | K112: anxiety relief, calming music, 417 hz, rain on leaves, Rin | M112: 417 Hz · let go | N112: Breathe with the sound for a moment. Full 30 min piece on YouTube: Rin. #anxietyrelief #calm #relaxingmusic #417hz #meditation | O112: pendiente
A113: OBRA-016-S7 | B113: OBRA-016 | C113: 7 | D113: short-7.mp4 | E113: 1143 | F113: 1.04 | G113: 33.6 | H113: one minute of quiet | I113: One minute of quiet · 417 Hz · Rain on Leaves | J113: Come back to this when you need it. Full piece (30 min): Music for Anxiety · Rain on Leaves · 417 Hz · End of the Day · 30 Minutes #anxietyrelief #calm #relaxingmusic #417hz #shorts | K113: anxiety relief, calming music, 417 hz, rain on leaves, Rin | M113: 417 Hz · quiet | N113: Come back to this when you need it. Full 30 min piece on YouTube: Rin. #anxietyrelief #calm #relaxingmusic #417hz #meditation | O113: pendiente
A114: OBRA-017-S1 | B114: OBRA-017 | C114: 1 | D114: short-1.mp4 | E114: 90 | F114: 1 | G114: 0 | H114: for a quiet meditation | I114: For a quiet meditation · 417 Hz · Zen Temple | J114: Save this for your next sit. Full piece (45 min): Meditation Music · Zen Temple · 417 Hz · Empty Temple · 45 Minutes #meditationmusic #meditation #mindfulness #417hz #shorts | K114: meditation music, mindfulness, 417 hz, zen temple, Rin | M114: 417 Hz · meditate | N114: Save this for your next sit. Full 45 min piece on YouTube: Rin. #meditationmusic #meditation #mindfulness #417hz | O114: pendiente
A115: OBRA-017-S2 | B115: OBRA-017 | C115: 2 | D115: short-2.mp4 | E115: 736 | F115: 1.15 | G115: 9.6 | H115: sit, listen, breathe | I115: Sit, listen, breathe · 417 Hz · Zen Temple | J115: Close your eyes for 45 seconds. Full piece (45 min): Meditation Music · Zen Temple · 417 Hz · Empty Temple · 45 Minutes #meditationmusic #meditation #mindfulness #417hz #shorts | K115: meditation music, mindfulness, 417 hz, zen temple, Rin | M115: 417 Hz · stillness | N115: Close your eyes for 45 seconds. Full 45 min piece on YouTube: Rin. #meditationmusic #meditation #mindfulness #417hz | O115: pendiente
A116: OBRA-017-S3 | B116: OBRA-017 | C116: 3 | D116: short-3.mp4 | E116: 1382 | F116: 1.3 | G116: 19.2 | H116: follow the sound until it fades | I116: Follow the sound until it fades · 417 Hz · Zen Temple | J116: Listen until the sound fades. Full piece (45 min): Meditation Music · Zen Temple · 417 Hz · Empty Temple · 45 Minutes #meditationmusic #meditation #mindfulness #417hz #shorts | K116: meditation music, mindfulness, 417 hz, zen temple, Rin | M116: 417 Hz · listen | N116: Listen until the sound fades. Full 45 min piece on YouTube: Rin. #meditationmusic #meditation #mindfulness #417hz | O116: pendiente
A117: OBRA-017-S4 | B117: OBRA-017 | C117: 4 | D117: short-4.mp4 | E117: 2029 | F117: 1.08 | G117: 28.8 | H117: nothing to do but listen | I117: Nothing to do but listen · 417 Hz · Zen Temple | J117: A minute of stillness. Full piece (45 min): Meditation Music · Zen Temple · 417 Hz · Empty Temple · 45 Minutes #meditationmusic #meditation #mindfulness #417hz #shorts | K117: meditation music, mindfulness, 417 hz, zen temple, Rin | M117: 417 Hz · sit | N117: A minute of stillness. Full 45 min piece on YouTube: Rin. #meditationmusic #meditation #mindfulness #417hz | O117: pendiente
A118: OBRA-017-S5 | B118: OBRA-017 | C118: 5 | D118: short-5.mp4 | E118: 2675 | F118: 1.22 | G118: 38.4 | H118: one breath, then the next | I118: One breath, then the next · 417 Hz · Zen Temple | J118: Send this to someone who meditates. Full piece (45 min): Meditation Music · Zen Temple · 417 Hz · Empty Temple · 45 Minutes #meditationmusic #meditation #mindfulness #417hz #shorts | K118: meditation music, mindfulness, 417 hz, zen temple, Rin | M118: 417 Hz · silence | N118: Send this to someone who meditates. Full 45 min piece on YouTube: Rin. #meditationmusic #meditation #mindfulness #417hz | O118: pendiente
... A134: OBRA-019-S7 | B134: OBRA-019 | C134: 7 | D134: short-7.mp4 | E134: 2268 | F134: 1.04 | G134: 33.6 | H134: back to the breath | I134: Back to the breath · 432 Hz · Zen Temple | J134: Save it for tomorrow morning. Full piece (1 h): Meditation Music · Zen Temple · 432 Hz · Metal and Air · 1 Hour #meditationmusic #meditation #mindfulness #432hz #shorts | K134: meditation music, mindfulness, 432 hz, zen temple, Rin | M134: 432 Hz · breath | N134: Save it for tomorrow morning. Full 1 h piece on YouTube: Rin. #meditationmusic #meditation #mindfulness #432hz | O134: pendiente
A135: OBRA-020-S1 | B135: OBRA-020 | C135: 1 | D135: short-1.mp4 | E135: 90 | F135: 1 | G135: 0 | H135: for a quiet meditation | I135: For a quiet meditation · 528 Hz · Rain on Leaves | J135: Save this for your next sit. Full piece (30 min): Meditation Music · Rain on Leaves · 528 Hz · Strike and Silence · 30 Minutes https://youtu.be/QvcXe4ZDq8o #meditationmusic #meditation #mindfulness #528hz #shorts | K135: meditation music, mindfulness, 528 hz, rain on leaves, Rin | L135: https://youtu.be/QvcXe4ZDq8o | M135: 528 Hz · meditate | N135: Save this for your next sit. Full 30 min piece on YouTube: Rin. #meditationmusic #meditation #mindfulness #528hz | O135: pendiente
A136: OBRA-020-S2 | B136: OBRA-020 | C136: 2 | D136: short-2.mp4 | E136: 511 | F136: 1.15 | G136: 9.6 | H136: sit, listen, breathe | I136: Sit, listen, breathe · 528 Hz · Rain on Leaves | J136: Close your eyes for 45 seconds. Full piece (30 min): Meditation Music · Rain on Leaves · 528 Hz · Strike and Silence · 30 Minutes https://youtu.be/QvcXe4ZDq8o #meditationmusic #meditation #mindfulness #528hz #shorts | K136: meditation music, mindfulness, 528 hz, rain on leaves, Rin | L136: https://youtu.be/QvcXe4ZDq8o | M136: 528 Hz · stillness | N136: Close your eyes for 45 seconds. Full 30 min piece on YouTube: Rin. #meditationmusic #meditation #mindfulness #528hz | O136: pendiente
A137: OBRA-020-S3 | B137: OBRA-020 | C137: 3 | D137: short-3.mp4 | E137: 932 | F137: 1.3 | G137: 19.2 | H137: follow the sound until it fades | I137: Follow the sound until it fades · 528 Hz · Rain on Leaves | J137: Listen until the sound fades. Full piece (30 min): Meditation Music · Rain on Leaves · 528 Hz · Strike and Silence · 30 Minutes https://youtu.be/QvcXe4ZDq8o #meditationmusic #meditation #mindfulness #528hz #shorts | K137: meditation music, mindfulness, 528 hz, rain on leaves, Rin | L137: https://youtu.be/QvcXe4ZDq8o | M137: 528 Hz · listen | N137: Listen until the sound fades. Full 30 min piece on YouTube: Rin. #meditationmusic #meditation #mindfulness #528hz | O137: pendiente
A138: OBRA-020-S4 | B138: OBRA-020 | C138: 4 | D138: short-4.mp4 | E138: 1354 | F138: 1.08 | G138: 28.8 | H138: nothing to do but listen | I138: Nothing to do but listen · 528 Hz · Rain on Leaves | J138: A minute of stillness. Full piece (30 min): Meditation Music · Rain on Leaves · 528 Hz · Strike and Silence · 30 Minutes https://youtu.be/QvcXe4ZDq8o #meditationmusic #meditation #mindfulness #528hz #shorts | K138: meditation music, mindfulness, 528 hz, rain on leaves, Rin | L138: https://youtu.be/QvcXe4ZDq8o | M138: 528 Hz · sit | N138: A minute of stillness. Full 30 min piece on YouTube: Rin. #meditationmusic #meditation #mindfulness #528hz | O138: pendiente
A139: OBRA-020-S5 | B139: OBRA-020 | C139: 5 | D139: short-5.mp4 | E139: 1775 | F139: 1.22 | G139: 38.4 | H139: one breath, then the next | I139: One breath, then the next · 528 Hz · Rain on Leaves | J139: Send this to someone who meditates. Full piece (30 min): Meditation Music · Rain on Leaves · 528 Hz · Strike and Silence · 30 Minutes https://youtu.be/QvcXe4ZDq8o #meditationmusic #meditation #mindfulness #528hz #shorts | K139: meditation music, mindfulness, 528 hz, rain on leaves, Rin | L139: https://youtu.be/QvcXe4ZDq8o | M139: 528 Hz · silence | N139: Send this to someone who meditates. Full 30 min piece on YouTube: Rin. #meditationmusic #meditation #mindfulness #528hz | O139: pendiente
A140: OBRA-020-S6 | B140: OBRA-020 | C140: 6 | D140: short-6.mp4 | E140: 300 | F140: 1.35 | G140: 4.8 | H140: let the thoughts pass by | I140: Let the thoughts pass by · 528 Hz · Rain on Leaves | J140: Stay for the whole sound. Full piece (30 min): Meditation Music · Rain on Leaves · 528 Hz · Strike and Silence · 30 Minutes https://youtu.be/QvcXe4ZDq8o #meditationmusic #meditation #mindfulness #528hz #shorts | K140: meditation music, mindfulness, 528 hz, rain on leaves, Rin | L140: https://youtu.be/QvcXe4ZDq8o | M140: 528 Hz · presence | N140: Stay for the whole sound. Full 30 min piece on YouTube: Rin. #meditationmusic #meditation #mindfulness #528hz | O140: pendiente
A141: OBRA-020-S7 | B141: OBRA-020 | C141: 7 | D141: short-7.mp4 | E141: 1143 | F141: 1.04 | G141: 33.6 | H141: back to the breath | I141: Back to the breath · 528 Hz · Rain on Leaves | J141: Save it for tomorrow morning. Full piece (30 min): Meditation Music · Rain on Leaves · 528 Hz · Strike and Silence · 30 Minutes https://youtu.be/QvcXe4ZDq8o #meditationmusic #meditation #mindfulness #528hz #shorts | K141: meditation music, mindfulness, 528 hz, rain on leaves, Rin | L141: https://youtu.be/QvcXe4ZDq8o | M141: 528 Hz · breath | N141: Save it for tomorrow morning. Full 30 min piece on YouTube: Rin. #meditationmusic #meditation #mindfulness #528hz | O141: pendiente
A142: OBRA-021-S1 | B142: OBRA-021 | C142: 1 | D142: short-1.mp4 | E142: 90 | F142: 1 | G142: 0 | H142: for a quiet meditation | I142: For a quiet meditation · 396 Hz · Zen Temple | J142: Save this for your next sit. Full piece (45 min): Meditation Music · Zen Temple · 396 Hz · Bronze and Wood · 45 Minutes #meditationmusic #meditation #mindfulness #396hz #shorts | K142: meditation music, mindfulness, 396 hz, zen temple, Rin | M142: 396 Hz · meditate | N142: Save this for your next sit. Full 45 min piece on YouTube: Rin. #meditationmusic #meditation #mindfulness #396hz | O142: pendiente
A143: OBRA-021-S2 | B143: OBRA-021 | C143: 2 | D143: short-2.mp4 | E143: 736 | F143: 1.15 | G143: 9.6 | H143: sit, listen, breathe | I143: Sit, listen, breathe · 396 Hz · Zen Temple | J143: Close your eyes for 45 seconds. Full piece (45 min): Meditation Music · Zen Temple · 396 Hz · Bronze and Wood · 45 Minutes #meditationmusic #meditation #mindfulness #396hz #shorts | K143: meditation music, mindfulness, 396 hz, zen temple, Rin | M143: 396 Hz · stillness | N143: Close your eyes for 45 seconds. Full 45 min piece on YouTube: Rin. #meditationmusic #meditation #mindfulness #396hz | O143: pendiente
A144: OBRA-021-S3 | B144: OBRA-021 | C144: 3 | D144: short-3.mp4 | E144: 1382 | F144: 1.3 | G144: 19.2 | H144: follow the sound until it fades | I144: Follow the sound until it fades · 396 Hz · Zen Temple | J144: Listen until the sound fades. Full piece (45 min): Meditation Music · Zen Temple · 396 Hz · Bronze and Wood · 45 Minutes #meditationmusic #meditation #mindfulness #396hz #shorts | K144: meditation music, mindfulness, 396 hz, zen temple, Rin | M144: 396 Hz · listen | N144: Listen until the sound fades. Full 45 min piece on YouTube: Rin. #meditationmusic #meditation #mindfulness #396hz | O144: pendiente
A145: OBRA-021-S4 | B145: OBRA-021 | C145: 4 | D145: short-4.mp4 | E145: 2029 | F145: 1.08 | G145: 28.8 | H145: nothing to do but listen | I145: Nothing to do but listen · 396 Hz · Zen Temple | J145: A minute of stillness. Full piece (45 min): Meditation Music · Zen Temple · 396 Hz · Bronze and Wood · 45 Minutes #meditationmusic #meditation #mindfulness #396hz #shorts | K145: meditation music, mindfulness, 396 hz, zen temple, Rin | M145: 396 Hz · sit | N145: A minute of stillness. Full 45 min piece on YouTube: Rin. #meditationmusic #meditation #mindfulness #396hz | O145: pendiente
A146: OBRA-021-S5 | B146: OBRA-021 | C146: 5 | D146: short-5.mp4 | E146: 2675 | F146: 1.22 | G146: 38.4 | H146: one breath, then the next | I146: One breath, then the next · 396 Hz · Zen Temple | J146: Send this to someone who meditates. Full piece (45 min): Meditation Music · Zen Temple · 396 Hz · Bronze and Wood · 45 Minutes #meditationmusic #meditation #mindfulness #396hz #shorts | K146: meditation music, mindfulness, 396 hz, zen temple, Rin | M146: 396 Hz · silence | N146: Send this to someone who meditates. Full 45 min piece on YouTube: Rin. #meditationmusic #meditation #mindfulness #396hz | O146: pendiente
A147: OBRA-021-S6 | B147: OBRA-021 | C147: 6 | D147: short-6.mp4 | E147: 413 | F147: 1.35 | G147: 4.8 | H147: let the thoughts pass by | I147: Let the thoughts pass by · 396 Hz · Zen Temple | J147: Stay for the whole sound. Full piece (45 min): Meditation Music · Zen Temple · 396 Hz · Bronze and Wood · 45 Minutes #meditationmusic #meditation #mindfulness #396hz #shorts | K147: meditation music, mindfulness, 396 hz, zen temple, Rin | M147: 396 Hz · presence | N147: Stay for the whole sound. Full 45 min piece on YouTube: Rin. #meditationmusic #meditation #mindfulness #396hz | O147: pendiente
A148: OBRA-021-S7 | B148: OBRA-021 | C148: 7 | D148: short-7.mp4 | E148: 1706 | F148: 1.04 | G148: 33.6 | H148: back to the breath | I148: Back to the breath · 396 Hz · Zen Temple | J148: Save it for tomorrow morning. Full piece (45 min): Meditation Music · Zen Temple · 396 Hz · Bronze and Wood · 45 Minutes #meditationmusic #meditation #mindfulness #396hz #shorts | K148: meditation music, mindfulness, 396 hz, zen temple, Rin | M148: 396 Hz · breath | N148: Save it for tomorrow morning. Full 45 min piece on YouTube: Rin. #meditationmusic #meditation #mindfulness #396hz | O148: pendiente
A149: OBRA-022-S1 | B149: OBRA-022 | C149: 1 | D149: short-1.mp4 | E149: 90 | F149: 1 | G149: 0 | H149: for a quiet meditation | I149: For a quiet meditation · 639 Hz · Zen Temple | J149: Save this for your next sit. Full piece (1 h): Meditation Music · Zen Temple · 639 Hz · Long Resonance · 1 Hour #meditationmusic #meditation #mindfulness #639hz #shorts | K149: meditation music, mindfulness, 639 hz, zen temple, Rin | M149: 639 Hz · meditate | N149: Save this for your next sit. Full 1 h piece on YouTube: Rin. #meditationmusic #meditation #mindfulness #639hz | O149: pendiente
A150: OBRA-022-S2 | B150: OBRA-022 | C150: 2 | D150: short-2.mp4 | E150: 961 | F150: 1.15 | G150: 9.6 | H150: sit, listen, breathe | I150: Sit, listen, breathe · 639 Hz · Zen Temple | J150: Close your eyes for 45 seconds. Full piece (1 h): Meditation Music · Zen Temple · 639 Hz · Long Resonance · 1 Hour #meditationmusic #meditation #mindfulness #639hz #shorts | K150: meditation music, mindfulness, 639 hz, zen temple, Rin | M150: 639 Hz · stillness | N150: Close your eyes for 45 seconds. Full 1 h piece on YouTube: Rin. #meditationmusic #meditation #mindfulness #639hz | O150: pendiente
A151: OBRA-022-S3 | B151: OBRA-022 | C151: 3 | D151: short-3.mp4 | E151: 1832 | F151: 1.3 | G151: 19.2 | H151: follow the sound until it fades | I151: Follow the sound until it fades · 639 Hz · Zen Temple | J151: Listen until the sound fades. Full piece (1 h): Meditation Music · Zen Temple · 639 Hz · Long Resonance · 1 Hour #meditationmusic #meditation #mindfulness #639hz #shorts | K151: meditation music, mindfulness, 639 hz, zen temple, Rin | M151: 639 Hz · listen | N151: Listen until the sound fades. Full 1 h piece on YouTube: Rin. #meditationmusic #meditation #mindfulness #639hz | O151: pendiente
A152: OBRA-022-S4 | B152: OBRA-022 | C152: 4 | D152: short-4.mp4 | E152: 2704 | F152: 1.08 | G152: 28.8 | H152: nothing to do but listen | I152: Nothing to do but listen · 639 Hz · Zen Temple | J152: A minute of stillness. Full piece (1 h): Meditation Music · Zen Temple · 639 Hz · Long Resonance · 1 Hour #meditationmusic #meditation #mindfulness #639hz #shorts | K152: meditation music, mindfulness, 639 hz, zen temple, Rin | M152: 639 Hz · sit | N152: A minute of stillness. Full 1 h piece on YouTube: Rin. #meditationmusic #meditation #mindfulness #639hz | O152: pendiente
A153: OBRA-022-S5 | B153: OBRA-022 | C153: 5 | D153: short-5.mp4 | E153: 3575 | F153: 1.22 | G153: 38.4 | H153: one breath, then the next | I153: One breath, then the next · 639 Hz · Zen Temple | J153: Send this to someone who meditates. Full piece (1 h): Meditation Music · Zen Temple · 639 Hz · Long Resonance · 1 Hour #meditationmusic #meditation #mindfulness #639hz #shorts | K153: meditation music, mindfulness, 639 hz, zen temple, Rin | M153: 639 Hz · silence | N153: Send this to someone who meditates. Full 1 h piece on YouTube: Rin. #meditationmusic #meditation #mindfulness #639hz | O153: pendiente
... A281: OBRA-040-S7 | B281: OBRA-040 | C281: 7 | D281: short-7.mp4 | E281: 6768 | F281: 1.04 | G281: 33.6 | H281: the next hour is yours | I281: The next hour is yours · 741 Hz · Ocean and Birds | J281: One more hour, calmly. Full piece (3 h): Focus Music · Ocean and Birds · 741 Hz · Until It's Done · 3 Hours #focusmusic #studymusic #deepwork #741hz #shorts | K281: focus music, study music, 741 hz, ocean and birds, Rin | M281: 741 Hz · clear mind | N281: One more hour, calmly. Full 3 h piece on YouTube: Rin. #focusmusic #studymusic #deepwork #741hz #meditation | O281: pendiente
A282: OBRA-041-S1 | B282: OBRA-041 | C282: 1 | D282: short-1.mp4 | E282: 90 | F282: 1 | G282: 0 | H282: for when your mind won't stop | I282: For when your mind won't stop · 432 Hz · Birds and Temple Bells | J282: Save this for the next hard moment. Full piece (1 h): Stop Overthinking 🌿 Calming Music for Anxiety · Birdsong & Temple Bells · 432 Hz · 1 Hour https://youtu.be/LRXFSFZO_uI #anxietyrelief #calm #relaxingmusic #432hz #shorts | K282: anxiety relief, calming music, 432 hz, birds and temple bells, Rin | L282: https://youtu.be/LRXFSFZO_uI | M282: 432 Hz · calm | N282: Save this for the next hard moment. Full 1 h piece on YouTube: Rin. #anxietyrelief #calm #relaxingmusic #432hz #meditation | O282: pendiente
A283: OBRA-041-S2 | B283: OBRA-041 | C283: 2 | D283: short-2.mp4 | E283: 961 | F283: 1.15 | G283: 9.6 | H283: breathe out longer than you breathe in | I283: Breathe out longer than you breathe in · 432 Hz · Birds and Temple Bells | J283: Headphones on. Exhale slowly. Full piece (1 h): Stop Overthinking 🌿 Calming Music for Anxiety · Birdsong & Temple Bells · 432 Hz · 1 Hour https://youtu.be/LRXFSFZO_uI #anxietyrelief #calm #relaxingmusic #432hz #shorts | K283: anxiety relief, calming music, 432 hz, birds and temple bells, Rin | L283: https://youtu.be/LRXFSFZO_uI | M283: 432 Hz · exhale | N283: Headphones on. Exhale slowly. Full 1 h piece on YouTube: Rin. #anxietyrelief #calm #relaxingmusic #432hz #meditation | O283: pendiente
A284: OBRA-041-S3 | B284: OBRA-041 | C284: 3 | D284: short-3.mp4 | E284: 1832 | F284: 1.3 | G284: 19.2 | H284: a pause, just for you | I284: A pause, just for you · 432 Hz · Birds and Temple Bells | J284: Stay for one full breath. Full piece (1 h): Stop Overthinking 🌿 Calming Music for Anxiety · Birdsong & Temple Bells · 432 Hz · 1 Hour https://youtu.be/LRXFSFZO_uI #anxietyrelief #calm #relaxingmusic #432hz #shorts | K284: anxiety relief, calming music, 432 hz, birds and temple bells, Rin | L284: https://youtu.be/LRXFSFZO_uI | M284: 432 Hz · pause | N284: Stay for one full breath. Full 1 h piece on YouTube: Rin. #anxietyrelief #calm #relaxingmusic #432hz #meditation | O284: pendiente
A285: OBRA-041-S4 | B285: OBRA-041 | C285: 4 | D285: short-4.mp4 | E285: 2704 | F285: 1.08 | G285: 28.8 | H285: slow down, one breath at a time | I285: Slow down, one breath at a time · 432 Hz · Birds and Temple Bells | J285: A small pause in the middle of the day. Full piece (1 h): Stop Overthinking 🌿 Calming Music for Anxiety · Birdsong & Temple Bells · 432 Hz · 1 Hour https://youtu.be/LRXFSFZO_uI #anxietyrelief #calm #relaxingmusic #432hz #shorts | K285: anxiety relief, calming music, 432 hz, birds and temple bells, Rin | L285: https://youtu.be/LRXFSFZO_uI | M285: 432 Hz · breathe | N285: A small pause in the middle of the day. Full 1 h piece on YouTube: Rin. #anxietyrelief #calm #relaxingmusic #432hz #meditation | O285: pendiente
A286: OBRA-041-S5 | B286: OBRA-041 | C286: 5 | D286: short-5.mp4 | E286: 3575 | F286: 1.22 | G286: 38.4 | H286: before you begin | I286: Before you begin · 432 Hz · Birds and Temple Bells | J286: Send this to someone who needs a pause. Full piece (1 h): Stop Overthinking 🌿 Calming Music for Anxiety · Birdsong & Temple Bells · 432 Hz · 1 Hour https://youtu.be/LRXFSFZO_uI #anxietyrelief #calm #relaxingmusic #432hz #shorts | K286: anxiety relief, calming music, 432 hz, birds and temple bells, Rin | L286: https://youtu.be/LRXFSFZO_uI | M286: 432 Hz · slow down | N286: Send this to someone who needs a pause. Full 1 h piece on YouTube: Rin. #anxietyrelief #calm #relaxingmusic #432hz #meditation | O286: pendiente
A287: OBRA-041-S6 | B287: OBRA-041 | C287: 6 | D287: short-6.mp4 | E287: 526 | F287: 1.35 | G287: 4.8 | H287: you can put it down for now | I287: You can put it down for now · 432 Hz · Birds and Temple Bells | J287: Breathe with the sound for a moment. Full piece (1 h): Stop Overthinking 🌿 Calming Music for Anxiety · Birdsong & Temple Bells · 432 Hz · 1 Hour https://youtu.be/LRXFSFZO_uI #anxietyrelief #calm #relaxingmusic #432hz #shorts | K287: anxiety relief, calming music, 432 hz, birds and temple bells, Rin | L287: https://youtu.be/LRXFSFZO_uI | M287: 432 Hz · let go | N287: Breathe with the sound for a moment. Full 1 h piece on YouTube: Rin. #anxietyrelief #calm #relaxingmusic #432hz #meditation | O287: pendiente
...

Sheet Resumen
A1: Estado del catálogo
A2: Total de obras | B2: =COUNTA(Catálogo!A2:A45)
A3: Pendientes | B3: =COUNTIF(Catálogo!V2:V45,"pendiente")
A4: Compuestas | B4: =COUNTIF(Catálogo!V2:V45,"compuesta")
A5: Montadas | B5: =COUNTIF(Catálogo!V2:V45,"montada")
A6: Publicadas | B6: =COUNTIF(Catálogo!V2:V45,"publicada")
A8: Por intención
A9: Intención | B9: Obras | C9: Publicadas | D9: Minutos totales
A10: Dormir | B10: =COUNTIF(Catálogo!D2:D45,A10) | C10: =COUNTIFS(Catálogo!D2:D45,A10,Catálogo!V2:V45,"publicada") | D10: =SUMIF(Catálogo!D2:D45,A10,Catálogo!R2:R45)
A11: Ansiedad | B11: =COUNTIF(Catálogo!D2:D45,A11) | C11: =COUNTIFS(Catálogo!D2:D45,A11,Catálogo!V2:V45,"publicada") | D11: =SUMIF(Catálogo!D2:D45,A11,Catálogo!R2:R45)
A12: Meditar | B12: =COUNTIF(Catálogo!D2:D45,A12) | C12: =COUNTIFS(Catálogo!D2:D45,A12,Catálogo!V2:V45,"publicada") | D12: =SUMIF(Catálogo!D2:D45,A12,Catálogo!R2:R45)
A13: Soltar | B13: =COUNTIF(Catálogo!D2:D45,A13) | C13: =COUNTIFS(Catálogo!D2:D45,A13,Catálogo!V2:V45,"publicada") | D13: =SUMIF(Catálogo!D2:D45,A13,Catálogo!R2:R45)
A14: Concentración | B14: =COUNTIF(Catálogo!D2:D45,A14) | C14: =COUNTIFS(Catálogo!D2:D45,A14,Catálogo!V2:V45,"publicada") | D14: =SUMIF(Catálogo!D2:D45,A14,Catálogo!R2:R45)
A15: TOTAL | B15: =SUM(B10:B14) | C15: =SUM(C10:C14) | D15: =SUM(D10:D14)
A17: Rendimiento
A18: Vistas totales | B18: =SUM(Catálogo!X2:X45)
A19: Suscriptores totales | B19: =SUM(Catálogo!Y2:Y45)
A20: Subs por 1.000 vistas | B20: =IFERROR(B19/B18*1000,"") | C20: ← la métrica que decide el canal

Sheet Leyenda
A1: Cómo se usa esta hoja
A3: Celdas amarillas | B3: Las únicas que se rellenan a mano. Todo lo demás está calculado o generado.
A4: Texto azul | B4: Dato de entrada. El texto negro no se toca.
A6: id | B6: Identificador fijo de la obra. No cambia nunca.
A7: titulo | B7: Título de YouTube: palabra clave · raíz · nombre propio · duración.
A8: titulo / descripcion_optimizada | B8: En inglés, el idioma principal del canal.
A9: titulo_es / descripcion_es | B9: La traducción al español. Se carga en YouTube Studio → Subtítulos → Título y descripción.
A10: tema | B10: Intención: qué acompaña la obra. Determina la palabra clave y el ciclo respiratorio.
A11: ambiente | B11: Ambiente aprobado en escucha: mar, mar-aves, zen, selva, lluvia-tambor, jardin, lluvia o theta.
A12: comando_ambiente | B12: Segundo paso: envuelve la obra compuesta en su ambiente.
A13: pantalla_oscura_min | B13: Minutos de mandala antes de que la pantalla se funda a negro (videos para dormir). 0: el mandala dura todo el video.
A14: descripcion_optimizada | B14: Descripción bilingüe lista para pegar. Solo falta añadir los capítulos tras el montaje.
A15: titulo_miniatura | B15: Texto de la miniatura: 2-4 palabras que COMPLETAN el título, nunca lo repiten.
... A32: Ejemplo de fila rellenada | B32: imagen_miniatura: portadas/obra-001.png | url_video: https://youtu.be/XXXXXXXXXXX | estado: publicada | fecha_publicacion: 2026-10-07 | vistas: 4820 | suscriptores: 11
